cluster_nb	taxon_id	virus_name	assembly_version	protein_id	cs_P1_protein_position	cs_P1_genome_position	confidence_score
0	673515	Mosquito flavivirus	GCF_..	YP_007877501.1	132		0.9133091896785875
0	673515	Mosquito flavivirus	GCF_..	YP_007877501.1	218		0.06023593964334724
0	673515	Mosquito flavivirus	GCF_..	YP_007877501.1	271		0.094405462501886
0	673515	Mosquito flavivirus	GCF_..	YP_007877501.1	705		0.0028814524560342937
0	673515	Mosquito flavivirus	GCF_..	YP_007877501.1	1082		0.2539608496459817
0	673515	Mosquito flavivirus	GCF_..	YP_007877501.1	1304		0.07351853373880024
0	673515	Mosquito flavivirus	GCF_..	YP_007877501.1	1450		0.019932171119176736
0	673515	Mosquito flavivirus	GCF_..	YP_007877501.1	2034		0.013454861111111112
0	673515	Mosquito flavivirus	GCF_..	YP_007877501.1	2189		0.02761430511543685
0	673515	Mosquito flavivirus	GCF_..	YP_007877501.1	2212		0.0012324796640899027
0	673515	Mosquito flavivirus	GCF_..	YP_007877501.1	2471		0.0774876472457945
