cluster_nb	taxon_id	virus_name	assembly_version	protein_id	cs_P1_protein_position	cs_P1_genome_position	confidence_score
2	2014960	Linda virus	GCF_..	YP_009407716.1	182		3.4444444444444446
2	2014960	Linda virus	GCF_..	YP_009407716.1	283		3.4444444444444446
2	2014960	Linda virus	GCF_..	YP_009407716.1	504		3.4444444444444446
2	2014960	Linda virus	GCF_..	YP_009407716.1	701		0.0625
2	2014960	Linda virus	GCF_..	YP_009407716.1	1079		0.0625
2	2014960	Linda virus	GCF_..	YP_009407716.1	1149		3.4444444444444446
2	2014960	Linda virus	GCF_..	YP_009407716.1	1608		3.4444444444444446
2	2014960	Linda virus	GCF_..	YP_009407716.1	2291		3.4444444444444446
2	2014960	Linda virus	GCF_..	YP_009407716.1	2354		3.4444444444444446
2	2014960	Linda virus	GCF_..	YP_009407716.1	2701		3.4444444444444446
2	2014960	Linda virus	GCF_..	YP_009407716.1	3205		3.4444444444444446
