cluster_nb	taxon_id	virus_name	assembly_version	protein_id	cs_P1_protein_position	cs_P1_genome_position	confidence_score
0	40012	Saumarez Reef virus	GCF_..	YP_009345037.1	109		0.9133091896785875
0	40012	Saumarez Reef virus	GCF_..	YP_009345037.1	201		0.06023593964334724
0	40012	Saumarez Reef virus	GCF_..	YP_009345037.1	278		0.094405462501886
0	40012	Saumarez Reef virus	GCF_..	YP_009345037.1	768		0.0028814524560342937
0	40012	Saumarez Reef virus	GCF_..	YP_009345037.1	1123		0.2539608496459817
0	40012	Saumarez Reef virus	GCF_..	YP_009345037.1	1354		0.07351853373880024
0	40012	Saumarez Reef virus	GCF_..	YP_009345037.1	1486		0.019932171119176736
0	40012	Saumarez Reef virus	GCF_..	YP_009345037.1	2109		0.013454861111111112
0	40012	Saumarez Reef virus	GCF_..	YP_009345037.1	2236		0.02761430511543685
0	40012	Saumarez Reef virus	GCF_..	YP_009345037.1	2259		0.0012324796640899027
0	40012	Saumarez Reef virus	GCF_..	YP_009345037.1	2516		0.0774876472457945
