cluster_nb	taxon_id	virus_name	assembly_version	protein_id	cs_P1_protein_position	cs_P1_genome_position	confidence_score
0	1821227	Xishuangbanna aedes flavivirus	GCF_..	YP_009350102.1	141		0.9133091896785875
0	1821227	Xishuangbanna aedes flavivirus	GCF_..	YP_009350102.1	237		0.06023593964334724
0	1821227	Xishuangbanna aedes flavivirus	GCF_..	YP_009350102.1	295		0.094405462501886
0	1821227	Xishuangbanna aedes flavivirus	GCF_..	YP_009350102.1	734		0.0028814524560342937
0	1821227	Xishuangbanna aedes flavivirus	GCF_..	YP_009350102.1	1118		0.2539608496459817
0	1821227	Xishuangbanna aedes flavivirus	GCF_..	YP_009350102.1	1361		0.07351853373880024
0	1821227	Xishuangbanna aedes flavivirus	GCF_..	YP_009350102.1	1508		0.019932171119176736
0	1821227	Xishuangbanna aedes flavivirus	GCF_..	YP_009350102.1	2106		0.013454861111111112
0	1821227	Xishuangbanna aedes flavivirus	GCF_..	YP_009350102.1	2246		0.02761430511543685
0	1821227	Xishuangbanna aedes flavivirus	GCF_..	YP_009350102.1	2269		0.0012324796640899027
0	1821227	Xishuangbanna aedes flavivirus	GCF_..	YP_009350102.1	2527		0.0774876472457945
