cluster_nb	taxon_id	virus_name	assembly_version	protein_id	cs_P1_protein_position	cs_P1_genome_position	confidence_score
2	402584	Bovine viral diarrhea virus 3 Th/04_KhonKaen	GCF_..	YP_002967452.1	168		3.4444444444444446
2	402584	Bovine viral diarrhea virus 3 Th/04_KhonKaen	GCF_..	YP_002967452.1	269		3.4444444444444446
2	402584	Bovine viral diarrhea virus 3 Th/04_KhonKaen	GCF_..	YP_002967452.1	496		3.4444444444444446
2	402584	Bovine viral diarrhea virus 3 Th/04_KhonKaen	GCF_..	YP_002967452.1	691		0.0625
2	402584	Bovine viral diarrhea virus 3 Th/04_KhonKaen	GCF_..	YP_002967452.1	1064		0.0625
2	402584	Bovine viral diarrhea virus 3 Th/04_KhonKaen	GCF_..	YP_002967452.1	1134		3.4444444444444446
2	402584	Bovine viral diarrhea virus 3 Th/04_KhonKaen	GCF_..	YP_002967452.1	1587		3.4444444444444446
2	402584	Bovine viral diarrhea virus 3 Th/04_KhonKaen	GCF_..	YP_002967452.1	2270		3.4444444444444446
2	402584	Bovine viral diarrhea virus 3 Th/04_KhonKaen	GCF_..	YP_002967452.1	2334		3.4444444444444446
2	402584	Bovine viral diarrhea virus 3 Th/04_KhonKaen	GCF_..	YP_002967452.1	2681		3.4444444444444446
2	402584	Bovine viral diarrhea virus 3 Th/04_KhonKaen	GCF_..	YP_002967452.1	3178		3.4444444444444446
