cluster_nb	taxon_id	virus_name	assembly_version	protein_id	cs_P1_protein_position	cs_P1_genome_position	confidence_score
0	64296	Edge Hill virus	GCF_..	YP_009256192.1	112		0.9133091896785878
0	64296	Edge Hill virus	GCF_..	YP_009256192.1	206		0.06023593964334724
0	64296	Edge Hill virus	GCF_..	YP_009256192.1	283		0.094405462501886
0	64296	Edge Hill virus	GCF_..	YP_009256192.1	774		0.0028814524560342937
0	64296	Edge Hill virus	GCF_..	YP_009256192.1	1128		0.2539608496459817
0	64296	Edge Hill virus	GCF_..	YP_009256192.1	1351		0.07351853373880024
0	64296	Edge Hill virus	GCF_..	YP_009256192.1	1480		0.019932171119176736
0	64296	Edge Hill virus	GCF_..	YP_009256192.1	2102		0.013454861111111112
0	64296	Edge Hill virus	GCF_..	YP_009256192.1	2228		0.02761430511543685
0	64296	Edge Hill virus	GCF_..	YP_009256192.1	2251		0.0012324796640899027
0	64296	Edge Hill virus	GCF_..	YP_009256192.1	2497		0.0774876472457945
