cluster_nb	taxon_id	virus_name	assembly_version	protein_id	cs_P1_protein_position	cs_P1_genome_position	confidence_score
4	1985364	Pegivirus K	GCF_..	YP_009361867.1	15		2.5839999999999987
4	1985364	Pegivirus K	GCF_..	YP_009361867.1	745		0.8017492711370203
4	1985364	Pegivirus K	GCF_..	YP_009361867.1	989		0.07871720116617678
4	1985364	Pegivirus K	GCF_..	YP_009361867.1	1620		2.44
4	1985364	Pegivirus K	GCF_..	YP_009361867.1	1963		0.4169096209912563
4	1985364	Pegivirus K	GCF_..	YP_009361867.1	2399		0.02040816326530612
