cluster_nb	taxon_id	virus_name	assembly_version	protein_id	cs_P1_protein_position	cs_P1_genome_position	confidence_score
0	1286143	Nienokoue virus	GCF_..	YP_009041466.1	120		0.9133091896785878
0	1286143	Nienokoue virus	GCF_..	YP_009041466.1	208		0.06023593964334724
0	1286143	Nienokoue virus	GCF_..	YP_009041466.1	263		0.094405462501886
0	1286143	Nienokoue virus	GCF_..	YP_009041466.1	697		0.0028814524560342937
0	1286143	Nienokoue virus	GCF_..	YP_009041466.1	1078		0.2539608496459817
0	1286143	Nienokoue virus	GCF_..	YP_009041466.1	1313		0.07351853373880024
0	1286143	Nienokoue virus	GCF_..	YP_009041466.1	1457		0.019932171119176736
0	1286143	Nienokoue virus	GCF_..	YP_009041466.1	2040		0.013454861111111112
0	1286143	Nienokoue virus	GCF_..	YP_009041466.1	2190		0.02761430511543685
0	1286143	Nienokoue virus	GCF_..	YP_009041466.1	2213		0.0012324796640899027
0	1286143	Nienokoue virus	GCF_..	YP_009041466.1	2468		0.0774876472457945
