cluster_nb	taxon_id	virus_name	assembly_version	protein_id	cs_P1_protein_position	cs_P1_genome_position	confidence_score
0	64307	Gadgets Gully virus	GCF_..	YP_009345034.1	111		0.9133091896785875
0	64307	Gadgets Gully virus	GCF_..	YP_009345034.1	205		0.06023593964334724
0	64307	Gadgets Gully virus	GCF_..	YP_009345034.1	282		0.094405462501886
0	64307	Gadgets Gully virus	GCF_..	YP_009345034.1	777		0.0028814524560342937
0	64307	Gadgets Gully virus	GCF_..	YP_009345034.1	1133		0.2539608496459817
0	64307	Gadgets Gully virus	GCF_..	YP_009345034.1	1359		0.07351853373880024
0	64307	Gadgets Gully virus	GCF_..	YP_009345034.1	1490		0.019932171119176736
0	64307	Gadgets Gully virus	GCF_..	YP_009345034.1	2112		0.013454861111111112
0	64307	Gadgets Gully virus	GCF_..	YP_009345034.1	2238		0.02761430511543685
0	64307	Gadgets Gully virus	GCF_..	YP_009345034.1	2261		0.0012324796640899027
0	64307	Gadgets Gully virus	GCF_..	YP_009345034.1	2512		0.0774876472457945
