cluster_nb	taxon_id	virus_name	assembly_version	protein_id	cs_P1_protein_position	cs_P1_genome_position	confidence_score
0	486494	Nounane virus	GCF_..	YP_009345019.1	114		0.9133091896785875
0	486494	Nounane virus	GCF_..	YP_009345019.1	210		0.06023593964334724
0	486494	Nounane virus	GCF_..	YP_009345019.1	287		0.094405462501886
0	486494	Nounane virus	GCF_..	YP_009345019.1	790		0.0028814524560342937
0	486494	Nounane virus	GCF_..	YP_009345019.1	1142		0.2539608496459817
0	486494	Nounane virus	GCF_..	YP_009345019.1	1374		0.07351853373880024
0	486494	Nounane virus	GCF_..	YP_009345019.1	1511		0.019932171119176736
0	486494	Nounane virus	GCF_..	YP_009345019.1	2133		0.013454861111111112
0	486494	Nounane virus	GCF_..	YP_009345019.1	2259		0.02761430511543685
0	486494	Nounane virus	GCF_..	YP_009345019.1	2282		0.0012324796640899027
0	486494	Nounane virus	GCF_..	YP_009345019.1	2537		0.0774876472457945
