cluster_nb	taxon_id	virus_name	assembly_version	protein_id	cs_P1_protein_position	cs_P1_genome_position	confidence_score
0	64299	Jutiapa virus	GCF_..	YP_009126871.1	106		0.9133091896785875
0	64299	Jutiapa virus	GCF_..	YP_009126871.1	197		0.06023593964334724
0	64299	Jutiapa virus	GCF_..	YP_009126871.1	274		0.094405462501886
0	64299	Jutiapa virus	GCF_..	YP_009126871.1	754		0.0028814524560342937
0	64299	Jutiapa virus	GCF_..	YP_009126871.1	1109		0.2539608496459817
0	64299	Jutiapa virus	GCF_..	YP_009126871.1	1324		0.07351853373880024
0	64299	Jutiapa virus	GCF_..	YP_009126871.1	1459		0.019932171119176736
0	64299	Jutiapa virus	GCF_..	YP_009126871.1	2076		0.013454861111111112
0	64299	Jutiapa virus	GCF_..	YP_009126871.1	2196		0.02761430511543685
0	64299	Jutiapa virus	GCF_..	YP_009126871.1	2219		0.0012324796640899027
0	64299	Jutiapa virus	GCF_..	YP_009126871.1	2475		0.0774876472457945
