cluster_nb	taxon_id	virus_name	assembly_version	protein_id	cs_P1_protein_position	cs_P1_genome_position	confidence_score
0	1511807	Rosavirus A2	GCF_..	YP_009028557.1	57		0.4365868167902371
0	1511807	Rosavirus A2	GCF_..	YP_009028557.1	313		0.1090495867768595
0	1511807	Rosavirus A2	GCF_..	YP_009028557.1	571		0.4067230224609375
0	1511807	Rosavirus A2	GCF_..	YP_009028557.1	1076		0.5810249307479224
0	1511807	Rosavirus A2	GCF_..	YP_009028557.1	1661		0.10050434695042154
0	1511807	Rosavirus A2	GCF_..	YP_009028557.1	1753		0.050774134790529946
0	1511807	Rosavirus A2	GCF_..	YP_009028557.1	1776		0.10667818509615246
0	1511807	Rosavirus A2	GCF_..	YP_009028557.1	1982		0.04139553530912586
