cluster_nb	taxon_id	virus_name	assembly_version	protein_id	cs_P1_protein_position	cs_P1_genome_position	confidence_score
0	1929150	Enterovirus AN12	GCF_..	YP_009344963.1	4		0.6517349467852449
0	1929150	Enterovirus AN12	GCF_..	YP_009344963.1	69		0.4365868167902371
0	1929150	Enterovirus AN12	GCF_..	YP_009344963.1	315		0.1090495867768595
0	1929150	Enterovirus AN12	GCF_..	YP_009344963.1	563		0.4067230224609375
0	1929150	Enterovirus AN12	GCF_..	YP_009344963.1	988		0.5810249307479224
0	1929150	Enterovirus AN12	GCF_..	YP_009344963.1	1421		0.10050434695042154
0	1929150	Enterovirus AN12	GCF_..	YP_009344963.1	1506		0.050774134790529946
0	1929150	Enterovirus AN12	GCF_..	YP_009344963.1	1525		0.10667818509615246
0	1929150	Enterovirus AN12	GCF_..	YP_009344963.1	1711		0.04139553530912586
