cluster_nb	taxon_id	virus_name	assembly_version	protein_id	cs_P1_protein_position	cs_P1_genome_position	confidence_score
2	1958776	Bat crohivirus	GCF_..	YP_009345900.1	249		0.33564814814814764
2	1958776	Bat crohivirus	GCF_..	YP_009345900.1	495		0.4114583333333333
2	1958776	Bat crohivirus	GCF_..	YP_009345900.1	793		1.2345679012345707
2	1958776	Bat crohivirus	GCF_..	YP_009345900.1	927		1.168000000000002
2	1958776	Bat crohivirus	GCF_..	YP_009345900.1	1059		0.1574074074074032
2	1958776	Bat crohivirus	GCF_..	YP_009345900.1	1394		0.7592592592592635
2	1958776	Bat crohivirus	GCF_..	YP_009345900.1	1483		0.8820435762584505
2	1958776	Bat crohivirus	GCF_..	YP_009345900.1	1515		0.09027777777777778
2	1958776	Bat crohivirus	GCF_..	YP_009345900.1	1708		0.2210648148148064
