cluster_nb	taxon_id	virus_name	assembly_version	protein_id	cs_P1_protein_position	cs_P1_genome_position	confidence_score
0	1156769	Porcine kobuvirus	GCF_..	YP_009138081.1	196		0.6517349467852449
0	1156769	Porcine kobuvirus	GCF_..	YP_009138081.1	306		0.4365868167902371
0	1156769	Porcine kobuvirus	GCF_..	YP_009138081.1	561		0.1090495867768595
0	1156769	Porcine kobuvirus	GCF_..	YP_009138081.1	789		0.4067230224609375
0	1156769	Porcine kobuvirus	GCF_..	YP_009138081.1	1174		0.5810249307479224
0	1156769	Porcine kobuvirus	GCF_..	YP_009138081.1	1673		0.10050434695042154
0	1156769	Porcine kobuvirus	GCF_..	YP_009138081.1	1764		0.050774134790529946
0	1156769	Porcine kobuvirus	GCF_..	YP_009138081.1	1796		0.10667818509615246
0	1156769	Porcine kobuvirus	GCF_..	YP_009138081.1	1989		0.04139553530912586
