cluster_nb	taxon_id	virus_name	assembly_version	protein_id	cs_P1_protein_position	cs_P1_genome_position	confidence_score
0	1330524	Salivirus A	GCF_..	YP_003065643.1	112		0.6517349467852449
0	1330524	Salivirus A	GCF_..	YP_003065643.1	233		0.4365868167902371
0	1330524	Salivirus A	GCF_..	YP_003065643.1	479		0.1090495867768595
0	1330524	Salivirus A	GCF_..	YP_003065643.1	709		0.4067230224609375
0	1330524	Salivirus A	GCF_..	YP_003065643.1	1078		0.5810249307479224
0	1330524	Salivirus A	GCF_..	YP_003065643.1	1595		0.10050434695042154
0	1330524	Salivirus A	GCF_..	YP_003065643.1	1673		0.050774134790529946
0	1330524	Salivirus A	GCF_..	YP_003065643.1	1700		0.10667818509615246
0	1330524	Salivirus A	GCF_..	YP_003065643.1	1896		0.04139553530912586
