cluster_nb	taxon_id	virus_name	assembly_version	protein_id	cs_P1_protein_position	cs_P1_genome_position	confidence_score
0	1547495	Salivirus FHB	GCF_..	YP_009067077.1	111		0.6517349467852449
0	1547495	Salivirus FHB	GCF_..	YP_009067077.1	232		0.4365868167902371
0	1547495	Salivirus FHB	GCF_..	YP_009067077.1	478		0.1090495867768595
0	1547495	Salivirus FHB	GCF_..	YP_009067077.1	708		0.4067230224609375
0	1547495	Salivirus FHB	GCF_..	YP_009067077.1	1077		0.5810249307479224
0	1547495	Salivirus FHB	GCF_..	YP_009067077.1	1594		0.10050434695042154
0	1547495	Salivirus FHB	GCF_..	YP_009067077.1	1668		0.050774134790529946
0	1547495	Salivirus FHB	GCF_..	YP_009067077.1	1695		0.10667818509615246
0	1547495	Salivirus FHB	GCF_..	YP_009067077.1	1891		0.04139553530912586
