cluster_nb	taxon_id	virus_name	assembly_version	protein_id	cs_P1_protein_position	cs_P1_genome_position	confidence_score
0	1641896	Falcovirus A1	GCF_..	YP_009133208.1	62		0.4365868167902371
0	1641896	Falcovirus A1	GCF_..	YP_009133208.1	341		0.1090495867768595
0	1641896	Falcovirus A1	GCF_..	YP_009133208.1	980		0.5810249307479224
0	1641896	Falcovirus A1	GCF_..	YP_009133208.1	1477		0.10050434695042154
0	1641896	Falcovirus A1	GCF_..	YP_009133208.1	1577		0.050774134790529946
0	1641896	Falcovirus A1	GCF_..	YP_009133208.1	1600		0.10667818509615246
0	1641896	Falcovirus A1	GCF_..	YP_009133208.1	1817		0.04139553530912586
