cluster_nb	taxon_id	virus_name	assembly_version	protein_id	cs_P1_protein_position	cs_P1_genome_position	confidence_score
3	128790	Bean rugose mosaic virus	GCF_..	YP_009175091.1	488		0.140625
3	128790	Bean rugose mosaic virus	GCF_..	YP_009175091.1	862		0.18749999999999645
1	128790	Bean rugose mosaic virus	GCF_..	YP_009175074.1	306		3.6351165980795628
1	128790	Bean rugose mosaic virus	GCF_..	YP_009175074.1	908		0.36108284144107516
1	128790	Bean rugose mosaic virus	GCF_..	YP_009175074.1	937		0.330078125
1	128790	Bean rugose mosaic virus	GCF_..	YP_009175074.1	1147		0.3154296875
