cluster_nb	taxon_id	virus_name	assembly_version	protein_id	cs_P1_protein_position	cs_P1_genome_position	confidence_score
0	1926511	Livupivirus A	GCF_..	YP_009329856.1	94		0.6517349467852449
0	1926511	Livupivirus A	GCF_..	YP_009329856.1	184		0.4365868167902371
0	1926511	Livupivirus A	GCF_..	YP_009329856.1	415		0.1090495867768595
0	1926511	Livupivirus A	GCF_..	YP_009329856.1	1026		0.5810249307479224
0	1926511	Livupivirus A	GCF_..	YP_009329856.1	1577		0.10050434695042154
0	1926511	Livupivirus A	GCF_..	YP_009329856.1	1658		0.050774134790529946
0	1926511	Livupivirus A	GCF_..	YP_009329856.1	1691		0.10667818509615246
0	1926511	Livupivirus A	GCF_..	YP_009329856.1	1884		0.04139553530912586
