cluster_nb	taxon_id	virus_name	assembly_version	protein_id	cs_P1_protein_position	cs_P1_genome_position	confidence_score
0	1606765	Bovine rhinovirus 1	GCF_..	YP_009352243.1	182		0.6517349467852449
0	1606765	Bovine rhinovirus 1	GCF_..	YP_009352243.1	272		0.4365868167902371
0	1606765	Bovine rhinovirus 1	GCF_..	YP_009352243.1	497		0.1090495867768595
0	1606765	Bovine rhinovirus 1	GCF_..	YP_009352243.1	1411		0.10050434695042154
0	1606765	Bovine rhinovirus 1	GCF_..	YP_009352243.1	1516		0.050774134790529946
0	1606765	Bovine rhinovirus 1	GCF_..	YP_009352243.1	1538		0.10667818509615246
0	1606765	Bovine rhinovirus 1	GCF_..	YP_009352243.1	1748		0.04139553530912586
