cluster_nb	taxon_id	virus_name	assembly_version	protein_id	cs_P1_protein_position	cs_P1_genome_position	confidence_score
0	1745250	Bat hepatovirus	GCF_..	YP_009179216.1	27		0.4365868167902371
0	1745250	Bat hepatovirus	GCF_..	YP_009179216.1	256		0.1090495867768595
0	1745250	Bat hepatovirus	GCF_..	YP_009179216.1	502		0.4067230224609375
0	1745250	Bat hepatovirus	GCF_..	YP_009179216.1	921		0.5810249307479224
0	1745250	Bat hepatovirus	GCF_..	YP_009179216.1	1412		0.10050434695042154
0	1745250	Bat hepatovirus	GCF_..	YP_009179216.1	1498		0.050774134790529946
0	1745250	Bat hepatovirus	GCF_..	YP_009179216.1	1517		0.10667818509615246
0	1745250	Bat hepatovirus	GCF_..	YP_009179216.1	1740		0.04139553530912586
