cluster_nb	taxon_id	virus_name	assembly_version	protein_id	cs_P1_protein_position	cs_P1_genome_position	confidence_score
0	1987145	Shrew hepatovirus KS121232Sorara2012	GCF_..	YP_009179214.1	20		0.4365868167902371
0	1987145	Shrew hepatovirus KS121232Sorara2012	GCF_..	YP_009179214.1	249		0.1090495867768595
0	1987145	Shrew hepatovirus KS121232Sorara2012	GCF_..	YP_009179214.1	498		0.4067230224609375
0	1987145	Shrew hepatovirus KS121232Sorara2012	GCF_..	YP_009179214.1	932		0.5810249307479224
0	1987145	Shrew hepatovirus KS121232Sorara2012	GCF_..	YP_009179214.1	1438		0.10050434695042154
0	1987145	Shrew hepatovirus KS121232Sorara2012	GCF_..	YP_009179214.1	1524		0.050774134790529946
0	1987145	Shrew hepatovirus KS121232Sorara2012	GCF_..	YP_009179214.1	1544		0.10667818509615246
0	1987145	Shrew hepatovirus KS121232Sorara2012	GCF_..	YP_009179214.1	1768		0.04139553530912586
