cluster_nb	taxon_id	virus_name	assembly_version	protein_id	cs_P1_protein_position	cs_P1_genome_position	confidence_score
0	2016448	Aimelvirus 2	GCF_..	YP_009389450.1	22		0.6517349467852449
0	2016448	Aimelvirus 2	GCF_..	YP_009389450.1	91		0.4365868167902371
0	2016448	Aimelvirus 2	GCF_..	YP_009389450.1	340		0.1090495867768595
0	2016448	Aimelvirus 2	GCF_..	YP_009389450.1	915		0.5810249307479224
0	2016448	Aimelvirus 2	GCF_..	YP_009389450.1	1395		0.10050434695042154
0	2016448	Aimelvirus 2	GCF_..	YP_009389450.1	1514		0.050774134790529946
0	2016448	Aimelvirus 2	GCF_..	YP_009389450.1	1529		0.10667818509615246
0	2016448	Aimelvirus 2	GCF_..	YP_009389450.1	1739		0.04139553530912586
