cluster_nb	taxon_id	virus_name	assembly_version	protein_id	cs_P1_protein_position	cs_P1_genome_position	confidence_score
0	1836608	Canine kobuvirus	GCF_..	YP_009380518.1	172		0.6517349467852449
0	1836608	Canine kobuvirus	GCF_..	YP_009380518.1	294		0.4365868167902371
0	1836608	Canine kobuvirus	GCF_..	YP_009380518.1	553		0.1090495867768595
0	1836608	Canine kobuvirus	GCF_..	YP_009380518.1	782		0.4067230224609375
0	1836608	Canine kobuvirus	GCF_..	YP_009380518.1	1165		0.5810249307479224
0	1836608	Canine kobuvirus	GCF_..	YP_009380518.1	1664		0.10050434695042154
0	1836608	Canine kobuvirus	GCF_..	YP_009380518.1	1759		0.050774134790529946
0	1836608	Canine kobuvirus	GCF_..	YP_009380518.1	1784		0.10667818509615246
0	1836608	Canine kobuvirus	GCF_..	YP_009380518.1	1975		0.04139553530912586
