cluster_nb	taxon_id	virus_name	assembly_version	protein_id	cs_P1_protein_position	cs_P1_genome_position	confidence_score
0	1074213	Mouse kobuvirus M-5/USA/2010	GCF_..	YP_004782207.1	173		0.6517349467852449
0	1074213	Mouse kobuvirus M-5/USA/2010	GCF_..	YP_004782207.1	293		0.4365868167902371
0	1074213	Mouse kobuvirus M-5/USA/2010	GCF_..	YP_004782207.1	548		0.1090495867768595
0	1074213	Mouse kobuvirus M-5/USA/2010	GCF_..	YP_004782207.1	777		0.4067230224609375
0	1074213	Mouse kobuvirus M-5/USA/2010	GCF_..	YP_004782207.1	1159		0.5810249307479224
0	1074213	Mouse kobuvirus M-5/USA/2010	GCF_..	YP_004782207.1	1658		0.10050434695042154
0	1074213	Mouse kobuvirus M-5/USA/2010	GCF_..	YP_004782207.1	1754		0.050774134790529946
0	1074213	Mouse kobuvirus M-5/USA/2010	GCF_..	YP_004782207.1	1779		0.10667818509615246
0	1074213	Mouse kobuvirus M-5/USA/2010	GCF_..	YP_004782207.1	1970		0.04139553530912586
