cluster_nb	taxon_id	virus_name	assembly_version	protein_id	cs_P1_protein_position	cs_P1_genome_position	confidence_score
0	1089138	Quail picornavirus QPV1/HUN/2010	GCF_..	YP_004935357.1	393		0.6517349467852449
0	1089138	Quail picornavirus QPV1/HUN/2010	GCF_..	YP_004935357.1	454		0.4365868167902371
0	1089138	Quail picornavirus QPV1/HUN/2010	GCF_..	YP_004935357.1	713		0.1090495867768595
0	1089138	Quail picornavirus QPV1/HUN/2010	GCF_..	YP_004935357.1	959		0.4067230224609375
0	1089138	Quail picornavirus QPV1/HUN/2010	GCF_..	YP_004935357.1	1258		0.5810249307479224
0	1089138	Quail picornavirus QPV1/HUN/2010	GCF_..	YP_004935357.1	1709		0.10050434695042154
0	1089138	Quail picornavirus QPV1/HUN/2010	GCF_..	YP_004935357.1	1799		0.050774134790529946
0	1089138	Quail picornavirus QPV1/HUN/2010	GCF_..	YP_004935357.1	1817		0.10667818509615246
0	1089138	Quail picornavirus QPV1/HUN/2010	GCF_..	YP_004935357.1	2006		0.04139553530912586
