cluster_nb	taxon_id	virus_name	assembly_version	protein_id	cs_P1_protein_position	cs_P1_genome_position	confidence_score
0	1233383	Human cosavirus	GCF_..	YP_009026376.1	4		0.6517349467852449
0	1233383	Human cosavirus	GCF_..	YP_009026376.1	68		0.4365868167902371
0	1233383	Human cosavirus	GCF_..	YP_009026376.1	339		0.1090495867768595
0	1233383	Human cosavirus	GCF_..	YP_009026376.1	1327		0.10050434695042154
0	1233383	Human cosavirus	GCF_..	YP_009026376.1	1437		0.050774134790529946
0	1233383	Human cosavirus	GCF_..	YP_009026376.1	1453		0.10667818509615246
0	1233383	Human cosavirus	GCF_..	YP_009026376.1	1658		0.04139553530912586
