cluster_nb	taxon_id	virus_name	assembly_version	protein_id	cs_P1_protein_position	cs_P1_genome_position	confidence_score
2	1565990	Chicken orivirus 1	GCF_..	YP_009100112.1	273		0.33564814814814764
2	1565990	Chicken orivirus 1	GCF_..	YP_009100112.1	511		0.4114583333333333
2	1565990	Chicken orivirus 1	GCF_..	YP_009100112.1	799		1.168000000000002
2	1565990	Chicken orivirus 1	GCF_..	YP_009100112.1	917		0.1574074074074032
2	1565990	Chicken orivirus 1	GCF_..	YP_009100112.1	1245		0.7592592592592635
2	1565990	Chicken orivirus 1	GCF_..	YP_009100112.1	1316		0.8820435762584505
2	1565990	Chicken orivirus 1	GCF_..	YP_009100112.1	1341		0.09027777777777778
2	1565990	Chicken orivirus 1	GCF_..	YP_009100112.1	1521		0.2210648148148064
