cluster_nb	taxon_id	virus_name	assembly_version	protein_id	cs_P1_protein_position	cs_P1_genome_position	confidence_score
0	390157	Senecavirus A	GCF_..	YP_002268402.1	82		0.6517349467852449
0	390157	Senecavirus A	GCF_..	YP_002268402.1	150		0.4365868167902371
0	390157	Senecavirus A	GCF_..	YP_002268402.1	435		0.1090495867768595
0	390157	Senecavirus A	GCF_..	YP_002268402.1	1395		0.10050434695042154
0	390157	Senecavirus A	GCF_..	YP_002268402.1	1486		0.050774134790529946
0	390157	Senecavirus A	GCF_..	YP_002268402.1	1509		0.10667818509615246
0	390157	Senecavirus A	GCF_..	YP_002268402.1	1718		0.04139553530912586
