cluster_nb	taxon_id	virus_name	assembly_version	protein_id	cs_P1_protein_position	cs_P1_genome_position	confidence_score
0	1603963	Lesavirus 1	GCF_..	YP_009118269.1	132		0.6517349467852449
0	1603963	Lesavirus 1	GCF_..	YP_009118269.1	211		0.4365868167902371
0	1603963	Lesavirus 1	GCF_..	YP_009118269.1	455		0.1090495867768595
0	1603963	Lesavirus 1	GCF_..	YP_009118269.1	1459		0.10050434695042154
0	1603963	Lesavirus 1	GCF_..	YP_009118269.1	1543		0.050774134790529946
0	1603963	Lesavirus 1	GCF_..	YP_009118269.1	1564		0.10667818509615246
0	1603963	Lesavirus 1	GCF_..	YP_009118269.1	1771		0.04139553530912586
