cluster_nb	taxon_id	virus_name	assembly_version	protein_id	cs_P1_protein_position	cs_P1_genome_position	confidence_score
0	1766557	Gallivirus Pf-CHK1/GV	GCF_..	YP_009214667.1	149		0.6517349467852449
0	1766557	Gallivirus Pf-CHK1/GV	GCF_..	YP_009214667.1	242		0.4365868167902371
0	1766557	Gallivirus Pf-CHK1/GV	GCF_..	YP_009214667.1	496		0.1090495867768595
0	1766557	Gallivirus Pf-CHK1/GV	GCF_..	YP_009214667.1	729		0.4067230224609375
0	1766557	Gallivirus Pf-CHK1/GV	GCF_..	YP_009214667.1	1143		0.5810249307479224
0	1766557	Gallivirus Pf-CHK1/GV	GCF_..	YP_009214667.1	1670		0.10050434695042154
0	1766557	Gallivirus Pf-CHK1/GV	GCF_..	YP_009214667.1	1785		0.050774134790529946
0	1766557	Gallivirus Pf-CHK1/GV	GCF_..	YP_009214667.1	1811		0.10667818509615246
0	1766557	Gallivirus Pf-CHK1/GV	GCF_..	YP_009214667.1	1997		0.04139553530912586
