cluster_nb	taxon_id	virus_name	assembly_version	protein_id	cs_P1_protein_position	cs_P1_genome_position	confidence_score
0	2065211	Passerivirus sp.	GCF_..	YP_009448192.1	414		0.6517349467852449
0	2065211	Passerivirus sp.	GCF_..	YP_009448192.1	480		0.4365868167902371
0	2065211	Passerivirus sp.	GCF_..	YP_009448192.1	723		0.1090495867768595
0	2065211	Passerivirus sp.	GCF_..	YP_009448192.1	967		0.4067230224609375
0	2065211	Passerivirus sp.	GCF_..	YP_009448192.1	1353		0.5810249307479224
0	2065211	Passerivirus sp.	GCF_..	YP_009448192.1	1882		0.10050434695042154
0	2065211	Passerivirus sp.	GCF_..	YP_009448192.1	1963		0.050774134790529946
0	2065211	Passerivirus sp.	GCF_..	YP_009448192.1	2003		0.10667818509615246
0	2065211	Passerivirus sp.	GCF_..	YP_009448192.1	2193		0.04139553530912586
