cluster_nb	taxon_id	virus_name	assembly_version	protein_id	cs_P1_protein_position	cs_P1_genome_position	confidence_score
2	1966007	Bakunsa virus	GCF_..	YP_009351863.1	298		0.33564814814814764
2	1966007	Bakunsa virus	GCF_..	YP_009351863.1	529		0.4114583333333333
2	1966007	Bakunsa virus	GCF_..	YP_009351863.1	900		1.2345679012345707
2	1966007	Bakunsa virus	GCF_..	YP_009351863.1	1045		1.168000000000002
2	1966007	Bakunsa virus	GCF_..	YP_009351863.1	1163		0.1574074074074032
2	1966007	Bakunsa virus	GCF_..	YP_009351863.1	1468		0.7592592592592635
2	1966007	Bakunsa virus	GCF_..	YP_009351863.1	1559		0.8820435762584505
2	1966007	Bakunsa virus	GCF_..	YP_009351863.1	1588		0.09027777777777778
2	1966007	Bakunsa virus	GCF_..	YP_009351863.1	1772		0.2210648148148064
