cluster_nb	taxon_id	virus_name	assembly_version	protein_id	cs_P1_protein_position	cs_P1_genome_position	confidence_score
0	1902501	Rosavirus B	GCF_..	YP_009290629.1	58		0.4365868167902371
0	1902501	Rosavirus B	GCF_..	YP_009290629.1	313		0.1090495867768595
0	1902501	Rosavirus B	GCF_..	YP_009290629.1	571		0.4067230224609375
0	1902501	Rosavirus B	GCF_..	YP_009290629.1	1108		0.5810249307479224
0	1902501	Rosavirus B	GCF_..	YP_009290629.1	1690		0.10050434695042154
0	1902501	Rosavirus B	GCF_..	YP_009290629.1	1787		0.050774134790529946
0	1902501	Rosavirus B	GCF_..	YP_009290629.1	1810		0.10667818509615246
0	1902501	Rosavirus B	GCF_..	YP_009290629.1	2013		0.04139553530912586
