cluster_nb	taxon_id	virus_name	assembly_version	protein_id	cs_P1_protein_position	cs_P1_genome_position	confidence_score
2	1482734	Duck picornavirus GL/12	GCF_..	YP_009026377.1	265		0.33564814814814764
2	1482734	Duck picornavirus GL/12	GCF_..	YP_009026377.1	496		0.4114583333333333
2	1482734	Duck picornavirus GL/12	GCF_..	YP_009026377.1	1119		1.2345679012345707
2	1482734	Duck picornavirus GL/12	GCF_..	YP_009026377.1	1410		1.168000000000002
2	1482734	Duck picornavirus GL/12	GCF_..	YP_009026377.1	1600		0.1574074074074032
2	1482734	Duck picornavirus GL/12	GCF_..	YP_009026377.1	1940		0.7592592592592635
2	1482734	Duck picornavirus GL/12	GCF_..	YP_009026377.1	2015		0.8820435762584505
2	1482734	Duck picornavirus GL/12	GCF_..	YP_009026377.1	2043		0.09027777777777778
2	1482734	Duck picornavirus GL/12	GCF_..	YP_009026377.1	2225		0.2210648148148064
