cluster_nb	taxon_id	virus_name	assembly_version	protein_id	cs_P1_protein_position	cs_P1_genome_position	confidence_score
0	2003652	Cosavirus F	GCF_..	YP_009361830.1	4		0.6517349467852449
0	2003652	Cosavirus F	GCF_..	YP_009361830.1	68		0.4365868167902371
0	2003652	Cosavirus F	GCF_..	YP_009361830.1	336		0.1090495867768595
0	2003652	Cosavirus F	GCF_..	YP_009361830.1	1336		0.10050434695042154
0	2003652	Cosavirus F	GCF_..	YP_009361830.1	1443		0.050774134790529946
0	2003652	Cosavirus F	GCF_..	YP_009361830.1	1459		0.10667818509615246
0	2003652	Cosavirus F	GCF_..	YP_009361830.1	1664		0.04139553530912586
