cluster_nb	taxon_id	virus_name	assembly_version	protein_id	cs_P1_protein_position	cs_P1_genome_position	confidence_score
0	47681	Enterovirus sp.	GCF_..	YP_009028564.1	4		0.6517349467852449
0	47681	Enterovirus sp.	GCF_..	YP_009028564.1	69		0.4365868167902371
0	47681	Enterovirus sp.	GCF_..	YP_009028564.1	322		0.1090495867768595
0	47681	Enterovirus sp.	GCF_..	YP_009028564.1	567		0.4067230224609375
0	47681	Enterovirus sp.	GCF_..	YP_009028564.1	997		0.5810249307479224
0	47681	Enterovirus sp.	GCF_..	YP_009028564.1	1430		0.10050434695042154
0	47681	Enterovirus sp.	GCF_..	YP_009028564.1	1515		0.050774134790529946
0	47681	Enterovirus sp.	GCF_..	YP_009028564.1	1533		0.10667818509615246
0	47681	Enterovirus sp.	GCF_..	YP_009028564.1	1719		0.04139553530912586
