cluster_nb	taxon_id	virus_name	assembly_version	protein_id	cs_P1_protein_position	cs_P1_genome_position	confidence_score
2	1766559	Avisivirus Pf-CHK1/AsV	GCF_..	YP_009215118.1	258		0.33564814814814764
2	1766559	Avisivirus Pf-CHK1/AsV	GCF_..	YP_009215118.1	495		0.4114583333333333
2	1766559	Avisivirus Pf-CHK1/AsV	GCF_..	YP_009215118.1	963		1.168000000000002
2	1766559	Avisivirus Pf-CHK1/AsV	GCF_..	YP_009215118.1	1081		0.1574074074074032
2	1766559	Avisivirus Pf-CHK1/AsV	GCF_..	YP_009215118.1	1415		0.7592592592592635
2	1766559	Avisivirus Pf-CHK1/AsV	GCF_..	YP_009215118.1	1488		0.8820435762584505
2	1766559	Avisivirus Pf-CHK1/AsV	GCF_..	YP_009215118.1	1508		0.09027777777777778
2	1766559	Avisivirus Pf-CHK1/AsV	GCF_..	YP_009215118.1	1685		0.2210648148148064
