cluster_nb	taxon_id	virus_name	assembly_version	protein_id	cs_P1_protein_position	cs_P1_genome_position	confidence_score
0	1562064	Norway rat hunnivirus	GCF_..	YP_009109563.1	85		0.6517349467852449
0	1562064	Norway rat hunnivirus	GCF_..	YP_009109563.1	166		0.4365868167902371
0	1562064	Norway rat hunnivirus	GCF_..	YP_009109563.1	404		0.1090495867768595
0	1562064	Norway rat hunnivirus	GCF_..	YP_009109563.1	1095		1.2542724609375
0	1562064	Norway rat hunnivirus	GCF_..	YP_009109563.1	1473		0.10050434695042154
0	1562064	Norway rat hunnivirus	GCF_..	YP_009109563.1	1582		0.050774134790529946
0	1562064	Norway rat hunnivirus	GCF_..	YP_009109563.1	1605		0.10667818509615246
0	1562064	Norway rat hunnivirus	GCF_..	YP_009109563.1	1816		0.04139553530912586
