cluster_nb	taxon_id	virus_name	assembly_version	protein_id	cs_P1_protein_position	cs_P1_genome_position	confidence_score
0	1604871	Yak enterovirus	GCF_..	YP_009243645.1	4		0.6517349467852449
0	1604871	Yak enterovirus	GCF_..	YP_009243645.1	69		0.4365868167902371
0	1604871	Yak enterovirus	GCF_..	YP_009243645.1	315		0.1090495867768595
0	1604871	Yak enterovirus	GCF_..	YP_009243645.1	564		0.4067230224609375
0	1604871	Yak enterovirus	GCF_..	YP_009243645.1	981		0.5810249307479224
0	1604871	Yak enterovirus	GCF_..	YP_009243645.1	1414		0.10050434695042154
0	1604871	Yak enterovirus	GCF_..	YP_009243645.1	1499		0.050774134790529946
0	1604871	Yak enterovirus	GCF_..	YP_009243645.1	1518		0.10667818509615246
0	1604871	Yak enterovirus	GCF_..	YP_009243645.1	1704		0.04139553530912586
