cluster_nb	taxon_id	virus_name	assembly_version	protein_id	cs_P1_protein_position	cs_P1_genome_position	confidence_score
0	1603964	Lesavirus 2	GCF_..	YP_009118270.1	124		0.6517349467852449
0	1603964	Lesavirus 2	GCF_..	YP_009118270.1	203		0.4365868167902371
0	1603964	Lesavirus 2	GCF_..	YP_009118270.1	445		0.1090495867768595
0	1603964	Lesavirus 2	GCF_..	YP_009118270.1	1441		0.10050434695042154
0	1603964	Lesavirus 2	GCF_..	YP_009118270.1	1517		0.050774134790529946
0	1603964	Lesavirus 2	GCF_..	YP_009118270.1	1537		0.10667818509615246
0	1603964	Lesavirus 2	GCF_..	YP_009118270.1	1744		0.04139553530912586
