cluster_nb	taxon_id	virus_name	assembly_version	protein_id	cs_P1_protein_position	cs_P1_genome_position	confidence_score
2	1964370	Falcon picornavirus	GCF_..	YP_009423853.1	255		0.33564814814814764
2	1964370	Falcon picornavirus	GCF_..	YP_009423853.1	509		0.4114583333333333
2	1964370	Falcon picornavirus	GCF_..	YP_009423853.1	908		1.2345679012345707
2	1964370	Falcon picornavirus	GCF_..	YP_009423853.1	1046		1.168000000000002
2	1964370	Falcon picornavirus	GCF_..	YP_009423853.1	1184		0.1574074074074032
2	1964370	Falcon picornavirus	GCF_..	YP_009423853.1	1514		0.7592592592592635
2	1964370	Falcon picornavirus	GCF_..	YP_009423853.1	1632		0.8820435762584505
2	1964370	Falcon picornavirus	GCF_..	YP_009423853.1	1665		0.09027777777777778
2	1964370	Falcon picornavirus	GCF_..	YP_009423853.1	1862		0.2210648148148064
