cluster_nb	taxon_id	virus_name	assembly_version	protein_id	cs_P1_protein_position	cs_P1_genome_position	confidence_score
0	1214230	Turkey gallivirus	GCF_..	YP_006576515.1	151		0.6517349467852449
0	1214230	Turkey gallivirus	GCF_..	YP_006576515.1	250		0.4365868167902371
0	1214230	Turkey gallivirus	GCF_..	YP_006576515.1	506		0.1090495867768595
0	1214230	Turkey gallivirus	GCF_..	YP_006576515.1	737		0.4067230224609375
0	1214230	Turkey gallivirus	GCF_..	YP_006576515.1	1140		0.5810249307479224
0	1214230	Turkey gallivirus	GCF_..	YP_006576515.1	1667		0.10050434695042154
0	1214230	Turkey gallivirus	GCF_..	YP_006576515.1	1784		0.050774134790529946
0	1214230	Turkey gallivirus	GCF_..	YP_006576515.1	1810		0.10667818509615246
0	1214230	Turkey gallivirus	GCF_..	YP_006576515.1	1996		0.04139553530912586
