cluster_nb	taxon_id	virus_name	assembly_version	protein_id	cs_P1_protein_position	cs_P1_genome_position	confidence_score
0	1350001	Duck megrivirus	GCF_..	YP_009030047.1	4		0.6517349467852449
0	1350001	Duck megrivirus	GCF_..	YP_009030047.1	45		0.4365868167902371
0	1350001	Duck megrivirus	GCF_..	YP_009030047.1	325		0.1090495867768595
0	1350001	Duck megrivirus	GCF_..	YP_009030047.1	587		0.4067230224609375
0	1350001	Duck megrivirus	GCF_..	YP_009030047.1	1365		0.5810249307479224
0	1350001	Duck megrivirus	GCF_..	YP_009030047.1	1958		0.10050434695042154
0	1350001	Duck megrivirus	GCF_..	YP_009030047.1	2134		0.050774134790529946
0	1350001	Duck megrivirus	GCF_..	YP_009030047.1	2159		0.10667818509615246
0	1350001	Duck megrivirus	GCF_..	YP_009030047.1	2364		0.04139553530912586
