cluster_nb	taxon_id	virus_name	assembly_version	protein_id	cs_P1_protein_position	cs_P1_genome_position	confidence_score
0	1958777	Bat sapelovirus	GCF_..	YP_009345901.1	175		0.6517349467852449
0	1958777	Bat sapelovirus	GCF_..	YP_009345901.1	236		0.4365868167902371
0	1958777	Bat sapelovirus	GCF_..	YP_009345901.1	471		0.1090495867768595
0	1958777	Bat sapelovirus	GCF_..	YP_009345901.1	710		0.4067230224609375
0	1958777	Bat sapelovirus	GCF_..	YP_009345901.1	1255		0.5810249307479224
0	1958777	Bat sapelovirus	GCF_..	YP_009345901.1	1716		0.10050434695042154
0	1958777	Bat sapelovirus	GCF_..	YP_009345901.1	1814		0.050774134790529946
0	1958777	Bat sapelovirus	GCF_..	YP_009345901.1	1832		0.10667818509615246
0	1958777	Bat sapelovirus	GCF_..	YP_009345901.1	2017		0.04139553530912586
