cluster_nb	taxon_id	virus_name	assembly_version	protein_id	cs_P1_protein_position	cs_P1_genome_position	confidence_score
0	1330070	Melegrivirus A	GCF_..	YP_009021445.1	14		0.4365868167902371
0	1330070	Melegrivirus A	GCF_..	YP_009021445.1	294		0.1090495867768595
0	1330070	Melegrivirus A	GCF_..	YP_009021445.1	556		0.4067230224609375
0	1330070	Melegrivirus A	GCF_..	YP_009021445.1	854		2.8347000697035565
0	1330070	Melegrivirus A	GCF_..	YP_009021445.1	1356		0.5810249307479224
0	1330070	Melegrivirus A	GCF_..	YP_009021445.1	1938		0.10050434695042154
0	1330070	Melegrivirus A	GCF_..	YP_009021445.1	2115		0.050774134790529946
0	1330070	Melegrivirus A	GCF_..	YP_009021445.1	2138		0.10667818509615246
0	1330070	Melegrivirus A	GCF_..	YP_009021445.1	2343		0.04139553530912586
