cluster_nb	taxon_id	virus_name	assembly_version	protein_id	cs_P1_protein_position	cs_P1_genome_position	confidence_score
2	1958775	Bat kunsagivirus	GCF_..	YP_009345896.1	298		0.33564814814814764
2	1958775	Bat kunsagivirus	GCF_..	YP_009345896.1	526		0.4114583333333333
2	1958775	Bat kunsagivirus	GCF_..	YP_009345896.1	788		1.2345679012345707
2	1958775	Bat kunsagivirus	GCF_..	YP_009345896.1	948		1.168000000000002
2	1958775	Bat kunsagivirus	GCF_..	YP_009345896.1	1070		0.1574074074074032
2	1958775	Bat kunsagivirus	GCF_..	YP_009345896.1	1378		0.7592592592592635
2	1958775	Bat kunsagivirus	GCF_..	YP_009345896.1	1493		0.8820435762584505
2	1958775	Bat kunsagivirus	GCF_..	YP_009345896.1	1522		0.09027777777777778
2	1958775	Bat kunsagivirus	GCF_..	YP_009345896.1	1710		0.2210648148148064
