cluster_nb	taxon_id	virus_name	assembly_version	protein_id	cs_P1_protein_position	cs_P1_genome_position	confidence_score
0	1902502	Rosavirus C	GCF_..	YP_009290630.1	59		0.4365868167902371
0	1902502	Rosavirus C	GCF_..	YP_009290630.1	311		0.1090495867768595
0	1902502	Rosavirus C	GCF_..	YP_009290630.1	569		0.4067230224609375
0	1902502	Rosavirus C	GCF_..	YP_009290630.1	1102		0.5810249307479224
0	1902502	Rosavirus C	GCF_..	YP_009290630.1	1692		0.10050434695042154
0	1902502	Rosavirus C	GCF_..	YP_009290630.1	1782		0.050774134790529946
0	1902502	Rosavirus C	GCF_..	YP_009290630.1	1804		0.10667818509615246
0	1902502	Rosavirus C	GCF_..	YP_009290630.1	2007		0.04139553530912586
