cluster_nb	taxon_id	virus_name	assembly_version	protein_id	cs_P1_protein_position	cs_P1_genome_position	confidence_score
0	1481453	Mosavirus A2	GCF_..	YP_009026384.1	455		0.6517349467852449
0	1481453	Mosavirus A2	GCF_..	YP_009026384.1	533		0.4365868167902371
0	1481453	Mosavirus A2	GCF_..	YP_009026384.1	769		0.1090495867768595
0	1481453	Mosavirus A2	GCF_..	YP_009026384.1	1728		0.10050434695042154
0	1481453	Mosavirus A2	GCF_..	YP_009026384.1	1834		0.050774134790529946
0	1481453	Mosavirus A2	GCF_..	YP_009026384.1	1873		0.10667818509615246
0	1481453	Mosavirus A2	GCF_..	YP_009026384.1	2074		0.04139553530912586
