cluster_nb	taxon_id	virus_name	assembly_version	protein_id	cs_P1_protein_position	cs_P1_genome_position	confidence_score
0	1960206	Goose megrivirus	GCF_..	YP_009345890.1	4		0.6517349467852449
0	1960206	Goose megrivirus	GCF_..	YP_009345890.1	86		0.4365868167902371
0	1960206	Goose megrivirus	GCF_..	YP_009345890.1	368		0.1090495867768595
0	1960206	Goose megrivirus	GCF_..	YP_009345890.1	627		0.4067230224609375
0	1960206	Goose megrivirus	GCF_..	YP_009345890.1	997		2.8347000697035565
0	1960206	Goose megrivirus	GCF_..	YP_009345890.1	1498		0.5810249307479224
0	1960206	Goose megrivirus	GCF_..	YP_009345890.1	2091		0.10050434695042154
0	1960206	Goose megrivirus	GCF_..	YP_009345890.1	2267		0.050774134790529946
0	1960206	Goose megrivirus	GCF_..	YP_009345890.1	2292		0.10667818509615246
0	1960206	Goose megrivirus	GCF_..	YP_009345890.1	2497		0.04139553530912586
