cluster_nb	taxon_id	virus_name	assembly_version	protein_id	cs_P1_protein_position	cs_P1_genome_position	confidence_score
0	1582094	Cosavirus JMY-2014	GCF_..	YP_009112712.1	4		0.6517349467852449
0	1582094	Cosavirus JMY-2014	GCF_..	YP_009112712.1	68		0.4365868167902371
0	1582094	Cosavirus JMY-2014	GCF_..	YP_009112712.1	337		0.1090495867768595
0	1582094	Cosavirus JMY-2014	GCF_..	YP_009112712.1	1331		0.10050434695042154
0	1582094	Cosavirus JMY-2014	GCF_..	YP_009112712.1	1436		0.050774134790529946
0	1582094	Cosavirus JMY-2014	GCF_..	YP_009112712.1	1451		0.10667818509615246
0	1582094	Cosavirus JMY-2014	GCF_..	YP_009112712.1	1656		0.04139553530912586
