cluster_nb	taxon_id	virus_name	assembly_version	protein_id	cs_P1_protein_position	cs_P1_genome_position	confidence_score
0	1987140	Rodent hepatovirus RMU101637Micarv2010	GCF_..	YP_009179213.1	26		0.4365868167902371
0	1987140	Rodent hepatovirus RMU101637Micarv2010	GCF_..	YP_009179213.1	255		0.1090495867768595
0	1987140	Rodent hepatovirus RMU101637Micarv2010	GCF_..	YP_009179213.1	504		0.4067230224609375
0	1987140	Rodent hepatovirus RMU101637Micarv2010	GCF_..	YP_009179213.1	930		0.5810249307479224
0	1987140	Rodent hepatovirus RMU101637Micarv2010	GCF_..	YP_009179213.1	1436		0.10050434695042154
0	1987140	Rodent hepatovirus RMU101637Micarv2010	GCF_..	YP_009179213.1	1520		0.050774134790529946
0	1987140	Rodent hepatovirus RMU101637Micarv2010	GCF_..	YP_009179213.1	1539		0.10667818509615246
0	1987140	Rodent hepatovirus RMU101637Micarv2010	GCF_..	YP_009179213.1	1762		0.04139553530912586
