cluster_nb	taxon_id	virus_name	assembly_version	protein_id	cs_P1_protein_position	cs_P1_genome_position	confidence_score
1	2008771	Hepacivirus L	GCF_..	YP_009322132.1	162		0.3823395539371867
1	2008771	Hepacivirus L	GCF_..	YP_009322132.1	363		0.04737609329446089
1	2008771	Hepacivirus L	GCF_..	YP_009322132.1	630		0.21984524351388413
1	2008771	Hepacivirus L	GCF_..	YP_009322132.1	688		0.05357142857142857
1	2008771	Hepacivirus L	GCF_..	YP_009322132.1	900		0.014577259475224626
1	2008771	Hepacivirus L	GCF_..	YP_009322132.1	1527		0.04336734693877551
1	2008771	Hepacivirus L	GCF_..	YP_009322132.1	1585		0.014577259475224626
1	2008771	Hepacivirus L	GCF_..	YP_009322132.1	1845		0.026967930029151866
1	2008771	Hepacivirus L	GCF_..	YP_009322132.1	2304		0.014577259475210705
