cluster_nb	taxon_id	virus_name	assembly_version	protein_id	cs_P1_protein_position	cs_P1_genome_position	confidence_score
0	64317	Sokoluk virus	GCF_..	YP_009126875.1	116		0.9133091896785878
0	64317	Sokoluk virus	GCF_..	YP_009126875.1	212		0.06023593964334724
0	64317	Sokoluk virus	GCF_..	YP_009126875.1	289		0.094405462501886
0	64317	Sokoluk virus	GCF_..	YP_009126875.1	777		0.0028814524560342937
0	64317	Sokoluk virus	GCF_..	YP_009126875.1	1133		0.2539608496459817
0	64317	Sokoluk virus	GCF_..	YP_009126875.1	1359		0.07351853373880024
0	64317	Sokoluk virus	GCF_..	YP_009126875.1	1489		0.019932171119176736
0	64317	Sokoluk virus	GCF_..	YP_009126875.1	2109		0.013454861111111112
0	64317	Sokoluk virus	GCF_..	YP_009126875.1	2235		0.02761430511543685
0	64317	Sokoluk virus	GCF_..	YP_009126875.1	2258		0.0012324796640899027
0	64317	Sokoluk virus	GCF_..	YP_009126875.1	2507		0.0774876472457945
