cluster_nb	taxon_id	virus_name	assembly_version	protein_id	cs_P1_protein_position	cs_P1_genome_position	confidence_score
1	1325446	Bat hepacivirus	GCF_..	YP_009325330.1	192		0.3823395539371867
1	1325446	Bat hepacivirus	GCF_..	YP_009325330.1	381		0.04737609329446089
1	1325446	Bat hepacivirus	GCF_..	YP_009325330.1	703		0.21984524351388413
1	1325446	Bat hepacivirus	GCF_..	YP_009325330.1	766		0.05357142857142857
1	1325446	Bat hepacivirus	GCF_..	YP_009325330.1	983		0.014577259475224626
1	1325446	Bat hepacivirus	GCF_..	YP_009325330.1	1611		0.04336734693877551
1	1325446	Bat hepacivirus	GCF_..	YP_009325330.1	1666		0.014577259475224626
1	1325446	Bat hepacivirus	GCF_..	YP_009325330.1	1925		0.026967930029151866
1	1325446	Bat hepacivirus	GCF_..	YP_009325330.1	2381		0.014577259475210705
