cluster_nb	taxon_id	virus_name	assembly_version	protein_id	cs_P1_protein_position	cs_P1_genome_position	confidence_score
0	64894	Phnom Penh bat virus	GCF_..	YP_009350101.1	108		0.9133091896785878
0	64894	Phnom Penh bat virus	GCF_..	YP_009350101.1	199		0.06023593964334724
0	64894	Phnom Penh bat virus	GCF_..	YP_009350101.1	276		0.094405462501886
0	64894	Phnom Penh bat virus	GCF_..	YP_009350101.1	758		0.0028814524560342937
0	64894	Phnom Penh bat virus	GCF_..	YP_009350101.1	1113		0.2539608496459817
0	64894	Phnom Penh bat virus	GCF_..	YP_009350101.1	1333		0.07351853373880024
0	64894	Phnom Penh bat virus	GCF_..	YP_009350101.1	1466		0.019932171119176736
0	64894	Phnom Penh bat virus	GCF_..	YP_009350101.1	2081		0.013454861111111112
0	64894	Phnom Penh bat virus	GCF_..	YP_009350101.1	2202		0.02761430511543685
0	64894	Phnom Penh bat virus	GCF_..	YP_009350101.1	2225		0.0012324796640899027
0	64894	Phnom Penh bat virus	GCF_..	YP_009350101.1	2479		0.0774876472457945
