cluster_nb	taxon_id	virus_name	assembly_version	protein_id	cs_P1_protein_position	cs_P1_genome_position	confidence_score
0	577122	T'Ho virus	GCF_..	YP_009351820.1	114		0.9133091896785873
0	577122	T'Ho virus	GCF_..	YP_009351820.1	211		0.06023593964334724
0	577122	T'Ho virus	GCF_..	YP_009351820.1	288		0.094405462501886
0	577122	T'Ho virus	GCF_..	YP_009351820.1	787		0.0028814524560342937
0	577122	T'Ho virus	GCF_..	YP_009351820.1	1143		0.2539608496459817
0	577122	T'Ho virus	GCF_..	YP_009351820.1	1366		0.07351853373880024
0	577122	T'Ho virus	GCF_..	YP_009351820.1	1497		0.019932171119176736
0	577122	T'Ho virus	GCF_..	YP_009351820.1	2116		0.013454861111111112
0	577122	T'Ho virus	GCF_..	YP_009351820.1	2242		0.02761430511543685
0	577122	T'Ho virus	GCF_..	YP_009351820.1	2265		0.0012324796640899027
0	577122	T'Ho virus	GCF_..	YP_009351820.1	2522		0.0774876472457945
