cluster_nb	taxon_id	virus_name	assembly_version	protein_id	cs_P1_protein_position	cs_P1_genome_position	confidence_score
0	1963247	Menghai flavivirus	GCF_..	YP_009351861.1	142		0.9133091896785873
0	1963247	Menghai flavivirus	GCF_..	YP_009351861.1	238		0.06023593964334724
0	1963247	Menghai flavivirus	GCF_..	YP_009351861.1	296		0.094405462501886
0	1963247	Menghai flavivirus	GCF_..	YP_009351861.1	735		0.0028814524560342937
0	1963247	Menghai flavivirus	GCF_..	YP_009351861.1	1119		0.2539608496459817
0	1963247	Menghai flavivirus	GCF_..	YP_009351861.1	1362		0.07351853373880024
0	1963247	Menghai flavivirus	GCF_..	YP_009351861.1	1508		0.019932171119176736
0	1963247	Menghai flavivirus	GCF_..	YP_009351861.1	2109		0.013454861111111112
0	1963247	Menghai flavivirus	GCF_..	YP_009351861.1	2248		0.02761430511543685
0	1963247	Menghai flavivirus	GCF_..	YP_009351861.1	2271		0.0012324796640899027
0	1963247	Menghai flavivirus	GCF_..	YP_009351861.1	2529		0.0774876472457945
