cluster_nb	taxon_id	virus_name	assembly_version	protein_id	cs_P1_protein_position	cs_P1_genome_position	confidence_score
0	64284	Saboya virus	GCF_..	YP_009344967.1	102		0.9133091896785873
0	64284	Saboya virus	GCF_..	YP_009344967.1	196		0.06023593964334724
0	64284	Saboya virus	GCF_..	YP_009344967.1	273		0.094405462501886
0	64284	Saboya virus	GCF_..	YP_009344967.1	762		0.0028814524560342937
0	64284	Saboya virus	GCF_..	YP_009344967.1	1116		0.2539608496459817
0	64284	Saboya virus	GCF_..	YP_009344967.1	1339		0.07351853373880024
0	64284	Saboya virus	GCF_..	YP_009344967.1	1468		0.019932171119176736
0	64284	Saboya virus	GCF_..	YP_009344967.1	2088		0.013454861111111112
0	64284	Saboya virus	GCF_..	YP_009344967.1	2214		0.02761430511543685
0	64284	Saboya virus	GCF_..	YP_009344967.1	2237		0.0012324796640899027
0	64284	Saboya virus	GCF_..	YP_009344967.1	2485		0.0774876472457945
