cluster_nb	taxon_id	virus_name	assembly_version	protein_id	cs_P1_protein_position	cs_P1_genome_position	confidence_score
0	35279	Meaban virus	GCF_..	YP_009345031.1	109		0.9133091896785873
0	35279	Meaban virus	GCF_..	YP_009345031.1	201		0.06023593964334724
0	35279	Meaban virus	GCF_..	YP_009345031.1	278		0.094405462501886
0	35279	Meaban virus	GCF_..	YP_009345031.1	768		0.0028814524560342937
0	35279	Meaban virus	GCF_..	YP_009345031.1	1123		0.2539608496459817
0	35279	Meaban virus	GCF_..	YP_009345031.1	1352		0.07351853373880024
0	35279	Meaban virus	GCF_..	YP_009345031.1	1484		0.019932171119176736
0	35279	Meaban virus	GCF_..	YP_009345031.1	2107		0.013454861111111112
0	35279	Meaban virus	GCF_..	YP_009345031.1	2234		0.02761430511543685
0	35279	Meaban virus	GCF_..	YP_009345031.1	2257		0.0012324796640899027
0	35279	Meaban virus	GCF_..	YP_009345031.1	2515		0.0774876472457945
