cluster_nb	taxon_id	virus_name	assembly_version	protein_id	cs_P1_protein_position	cs_P1_genome_position	confidence_score
0	1485186	Nhumirim virus	GCF_..	YP_009026410.1	123		0.9133091896785873
0	1485186	Nhumirim virus	GCF_..	YP_009026410.1	222		0.06023593964334724
0	1485186	Nhumirim virus	GCF_..	YP_009026410.1	299		0.094405462501886
0	1485186	Nhumirim virus	GCF_..	YP_009026410.1	800		0.0028814524560342937
0	1485186	Nhumirim virus	GCF_..	YP_009026410.1	1153		0.2539608496459817
0	1485186	Nhumirim virus	GCF_..	YP_009026410.1	1383		0.07351853373880024
0	1485186	Nhumirim virus	GCF_..	YP_009026410.1	1513		0.019932171119176736
0	1485186	Nhumirim virus	GCF_..	YP_009026410.1	2135		0.013454861111111112
0	1485186	Nhumirim virus	GCF_..	YP_009026410.1	2261		0.02761430511543685
0	1485186	Nhumirim virus	GCF_..	YP_009026410.1	2284		0.0012324796640899027
0	1485186	Nhumirim virus	GCF_..	YP_009026410.1	2539		0.0774876472457945
