cluster_nb	taxon_id	virus_name	assembly_version	protein_id	cs_P1_protein_position	cs_P1_genome_position	confidence_score
0	1456752	Kama virus	GCF_..	YP_009001771.1	109		0.9133091896785873
0	1456752	Kama virus	GCF_..	YP_009001771.1	201		0.06023593964334724
0	1456752	Kama virus	GCF_..	YP_009001771.1	278		0.094405462501886
0	1456752	Kama virus	GCF_..	YP_009001771.1	767		0.0028814524560342937
0	1456752	Kama virus	GCF_..	YP_009001771.1	1122		0.2539608496459817
0	1456752	Kama virus	GCF_..	YP_009001771.1	1352		0.07351853373880024
0	1456752	Kama virus	GCF_..	YP_009001771.1	1484		0.019932171119176736
0	1456752	Kama virus	GCF_..	YP_009001771.1	2108		0.013454861111111112
0	1456752	Kama virus	GCF_..	YP_009001771.1	2235		0.02761430511543685
0	1456752	Kama virus	GCF_..	YP_009001771.1	2258		0.0012324796640899027
0	1456752	Kama virus	GCF_..	YP_009001771.1	2513		0.0774876472457945
