cluster_nb	taxon_id	virus_name	assembly_version	protein_id	cs_P1_protein_position	cs_P1_genome_position	confidence_score
2	188938	Pronghorn antelope pestivirus	GCF_..	YP_009026415.1	168		3.4444444444444446
2	188938	Pronghorn antelope pestivirus	GCF_..	YP_009026415.1	265		3.4444444444444446
2	188938	Pronghorn antelope pestivirus	GCF_..	YP_009026415.1	492		3.4444444444444446
2	188938	Pronghorn antelope pestivirus	GCF_..	YP_009026415.1	686		0.0625
2	188938	Pronghorn antelope pestivirus	GCF_..	YP_009026415.1	1058		0.0625
2	188938	Pronghorn antelope pestivirus	GCF_..	YP_009026415.1	1128		3.4444444444444446
2	188938	Pronghorn antelope pestivirus	GCF_..	YP_009026415.1	1587		3.4444444444444446
2	188938	Pronghorn antelope pestivirus	GCF_..	YP_009026415.1	2270		3.4444444444444446
2	188938	Pronghorn antelope pestivirus	GCF_..	YP_009026415.1	2332		3.4444444444444446
2	188938	Pronghorn antelope pestivirus	GCF_..	YP_009026415.1	2679		3.4444444444444446
2	188938	Pronghorn antelope pestivirus	GCF_..	YP_009026415.1	3179		3.4444444444444446
