cluster_nb	taxon_id	virus_name	assembly_version	protein_id	cs_P1_protein_position	cs_P1_genome_position	confidence_score
0	64297	Uganda S virus	GCF_..	YP_009344968.1	103		0.9133091896785875
0	64297	Uganda S virus	GCF_..	YP_009344968.1	197		0.06023593964334724
0	64297	Uganda S virus	GCF_..	YP_009344968.1	274		0.094405462501886
0	64297	Uganda S virus	GCF_..	YP_009344968.1	763		0.0028814524560342937
0	64297	Uganda S virus	GCF_..	YP_009344968.1	1117		0.2539608496459817
0	64297	Uganda S virus	GCF_..	YP_009344968.1	1340		0.07351853373880024
0	64297	Uganda S virus	GCF_..	YP_009344968.1	1469		0.019932171119176736
0	64297	Uganda S virus	GCF_..	YP_009344968.1	2089		0.013454861111111112
0	64297	Uganda S virus	GCF_..	YP_009344968.1	2213		0.02761430511543685
0	64297	Uganda S virus	GCF_..	YP_009344968.1	2236		0.0012324796640899027
0	64297	Uganda S virus	GCF_..	YP_009344968.1	2487		0.0774876472457945
