cluster_nb	taxon_id	virus_name	assembly_version	protein_id	cs_P1_protein_position	cs_P1_genome_position	confidence_score
0	1821222	Culiseta flavivirus	GCF_..	YP_009256193.1	100		0.9133091896785873
0	1821222	Culiseta flavivirus	GCF_..	YP_009256193.1	184		0.06023593964334724
0	1821222	Culiseta flavivirus	GCF_..	YP_009256193.1	242		0.094405462501886
0	1821222	Culiseta flavivirus	GCF_..	YP_009256193.1	678		0.0028814524560342937
0	1821222	Culiseta flavivirus	GCF_..	YP_009256193.1	1060		0.2539608496459817
0	1821222	Culiseta flavivirus	GCF_..	YP_009256193.1	1358		0.07351853373880024
0	1821222	Culiseta flavivirus	GCF_..	YP_009256193.1	1507		0.019932171119176736
0	1821222	Culiseta flavivirus	GCF_..	YP_009256193.1	2094		0.013454861111111112
0	1821222	Culiseta flavivirus	GCF_..	YP_009256193.1	2231		0.02761430511543685
0	1821222	Culiseta flavivirus	GCF_..	YP_009256193.1	2254		0.0012324796640899027
0	1821222	Culiseta flavivirus	GCF_..	YP_009256193.1	2509		0.0774876472457945
