cluster_nb	taxon_id	virus_name	assembly_version	protein_id	cs_P1_protein_position	cs_P1_genome_position	confidence_score
0	12542	Omsk hemorrhagic fever virus	GCF_..	NP_878909.1	111		0.9133091896785875
0	12542	Omsk hemorrhagic fever virus	GCF_..	NP_878909.1	205		0.06023593964334724
0	12542	Omsk hemorrhagic fever virus	GCF_..	NP_878909.1	282		0.094405462501886
0	12542	Omsk hemorrhagic fever virus	GCF_..	NP_878909.1	776		0.0028814524560342937
0	12542	Omsk hemorrhagic fever virus	GCF_..	NP_878909.1	1131		0.2539608496459817
0	12542	Omsk hemorrhagic fever virus	GCF_..	NP_878909.1	1357		0.07351853373880024
0	12542	Omsk hemorrhagic fever virus	GCF_..	NP_878909.1	1488		0.019932171119176736
0	12542	Omsk hemorrhagic fever virus	GCF_..	NP_878909.1	2110		0.013454861111111112
0	12542	Omsk hemorrhagic fever virus	GCF_..	NP_878909.1	2236		0.02761430511543685
0	12542	Omsk hemorrhagic fever virus	GCF_..	NP_878909.1	2259		0.0012324796640899027
0	12542	Omsk hemorrhagic fever virus	GCF_..	NP_878909.1	2510		0.0774876472457945
