cluster_nb	taxon_id	virus_name	assembly_version	protein_id	cs_P1_protein_position	cs_P1_genome_position	confidence_score
0	64319	Yaounde virus	GCF_..	YP_009350103.1	118		0.9133091896785873
0	64319	Yaounde virus	GCF_..	YP_009350103.1	215		0.06023593964334724
0	64319	Yaounde virus	GCF_..	YP_009350103.1	292		0.094405462501886
0	64319	Yaounde virus	GCF_..	YP_009350103.1	791		0.0028814524560342937
0	64319	Yaounde virus	GCF_..	YP_009350103.1	1146		0.2539608496459817
0	64319	Yaounde virus	GCF_..	YP_009350103.1	1370		0.07351853373880024
0	64319	Yaounde virus	GCF_..	YP_009350103.1	1501		0.019932171119176736
0	64319	Yaounde virus	GCF_..	YP_009350103.1	2120		0.013454861111111112
0	64319	Yaounde virus	GCF_..	YP_009350103.1	2246		0.02761430511543685
0	64319	Yaounde virus	GCF_..	YP_009350103.1	2269		0.0012324796640899027
0	64319	Yaounde virus	GCF_..	YP_009350103.1	2525		0.0774876472457945
