cluster_nb	taxon_id	virus_name	assembly_version	protein_id	cs_P1_protein_position	cs_P1_genome_position	confidence_score
0	44026	Sepik virus	GCF_..	YP_950478.1	113		0.9133091896785873
0	44026	Sepik virus	GCF_..	YP_950478.1	205		0.06023593964334724
0	44026	Sepik virus	GCF_..	YP_950478.1	282		0.094405462501886
0	44026	Sepik virus	GCF_..	YP_950478.1	770		0.0028814524560342937
0	44026	Sepik virus	GCF_..	YP_950478.1	1126		0.2539608496459817
0	44026	Sepik virus	GCF_..	YP_950478.1	1349		0.07351853373880024
0	44026	Sepik virus	GCF_..	YP_950478.1	1479		0.019932171119176736
0	44026	Sepik virus	GCF_..	YP_950478.1	2102		0.013454861111111112
0	44026	Sepik virus	GCF_..	YP_950478.1	2228		0.02761430511543685
0	44026	Sepik virus	GCF_..	YP_950478.1	2251		0.0012324796640899027
0	44026	Sepik virus	GCF_..	YP_950478.1	2498		0.0774876472457945
