cluster_nb	taxon_id	virus_name	assembly_version	protein_id	cs_P1_protein_position	cs_P1_genome_position	confidence_score
0	1566298	Paraiso Escondido virus	GCF_..	YP_009169331.1	117		0.9133091896785878
0	1566298	Paraiso Escondido virus	GCF_..	YP_009169331.1	234		0.06023593964334724
0	1566298	Paraiso Escondido virus	GCF_..	YP_009169331.1	310		0.094405462501886
0	1566298	Paraiso Escondido virus	GCF_..	YP_009169331.1	800		0.0028814524560342937
0	1566298	Paraiso Escondido virus	GCF_..	YP_009169331.1	1156		0.2539608496459817
0	1566298	Paraiso Escondido virus	GCF_..	YP_009169331.1	1383		0.07351853373880024
0	1566298	Paraiso Escondido virus	GCF_..	YP_009169331.1	1514		0.019932171119176736
0	1566298	Paraiso Escondido virus	GCF_..	YP_009169331.1	2138		0.013454861111111112
0	1566298	Paraiso Escondido virus	GCF_..	YP_009169331.1	2264		0.02761430511543685
0	1566298	Paraiso Escondido virus	GCF_..	YP_009169331.1	2287		0.0012324796640899027
0	1566298	Paraiso Escondido virus	GCF_..	YP_009169331.1	2536		0.0774876472457945
