cluster_nb	taxon_id	virus_name	assembly_version	protein_id	cs_P1_protein_position	cs_P1_genome_position	confidence_score
0	1302179	Palm Creek virus	GCF_..	YP_009344962.1	133		0.9133091896785878
0	1302179	Palm Creek virus	GCF_..	YP_009344962.1	221		0.06023593964334724
0	1302179	Palm Creek virus	GCF_..	YP_009344962.1	274		0.094405462501886
0	1302179	Palm Creek virus	GCF_..	YP_009344962.1	708		0.0028814524560342937
0	1302179	Palm Creek virus	GCF_..	YP_009344962.1	1087		0.2539608496459817
0	1302179	Palm Creek virus	GCF_..	YP_009344962.1	1320		0.07351853373880024
0	1302179	Palm Creek virus	GCF_..	YP_009344962.1	1465		0.019932171119176736
0	1302179	Palm Creek virus	GCF_..	YP_009344962.1	2050		0.013454861111111112
0	1302179	Palm Creek virus	GCF_..	YP_009344962.1	2199		0.02761430511543685
0	1302179	Palm Creek virus	GCF_..	YP_009344962.1	2222		0.0012324796640899027
0	1302179	Palm Creek virus	GCF_..	YP_009344962.1	2476		0.0774876472457945
