cluster_nb	taxon_id	virus_name	assembly_version	protein_id	cs_P1_protein_position	cs_P1_genome_position	confidence_score
2	2014960	Linda virus	GCF_..	YP_009407716.1	182		0.4444444444444444
2	2014960	Linda virus	GCF_..	YP_009407716.1	283		0.4444444444444444
2	2014960	Linda virus	GCF_..	YP_009407716.1	504		0.4444444444444444
2	2014960	Linda virus	GCF_..	YP_009407716.1	701		0.4444444444444444
2	2014960	Linda virus	GCF_..	YP_009407716.1	1078		0.4444444444444444
2	2014960	Linda virus	GCF_..	YP_009407716.1	1149		0.4444444444444444
2	2014960	Linda virus	GCF_..	YP_009407716.1	1608		0.4444444444444444
2	2014960	Linda virus	GCF_..	YP_009407716.1	2291		0.4444444444444444
2	2014960	Linda virus	GCF_..	YP_009407716.1	2354		0.4444444444444444
2	2014960	Linda virus	GCF_..	YP_009407716.1	2701		0.4444444444444444
2	2014960	Linda virus	GCF_..	YP_009407716.1	3205		0.4444444444444444
