cluster_nb	taxon_id	virus_name	assembly_version	protein_id	cs_P1_protein_position	cs_P1_genome_position	confidence_score
2	412969	Porcine pestivirus isolate Bungowannah	GCF_..	YP_008992092.1	177		0.4444444444444444
2	412969	Porcine pestivirus isolate Bungowannah	GCF_..	YP_008992092.1	276		0.4444444444444444
2	412969	Porcine pestivirus isolate Bungowannah	GCF_..	YP_008992092.1	497		0.4444444444444444
2	412969	Porcine pestivirus isolate Bungowannah	GCF_..	YP_008992092.1	693		0.4444444444444444
2	412969	Porcine pestivirus isolate Bungowannah	GCF_..	YP_008992092.1	1072		0.4444444444444444
2	412969	Porcine pestivirus isolate Bungowannah	GCF_..	YP_008992092.1	1143		0.4444444444444444
2	412969	Porcine pestivirus isolate Bungowannah	GCF_..	YP_008992092.1	1603		0.4444444444444444
2	412969	Porcine pestivirus isolate Bungowannah	GCF_..	YP_008992092.1	2286		0.4444444444444444
2	412969	Porcine pestivirus isolate Bungowannah	GCF_..	YP_008992092.1	2349		0.4444444444444444
2	412969	Porcine pestivirus isolate Bungowannah	GCF_..	YP_008992092.1	2696		0.4444444444444444
2	412969	Porcine pestivirus isolate Bungowannah	GCF_..	YP_008992092.1	3201		0.4444444444444444
