cluster_nb	taxon_id	virus_name	assembly_version	protein_id	cs_P1_protein_position	cs_P1_genome_position	confidence_score
0	1302179	Palm Creek virus	GCF_..	YP_009344962.1	130		0.6975101856043456
0	1302179	Palm Creek virus	GCF_..	YP_009344962.1	221		0.0819753086419753
0	1302179	Palm Creek virus	GCF_..	YP_009344962.1	274		0.10617549419043286
0	1302179	Palm Creek virus	GCF_..	YP_009344962.1	708		0.022456629465613637
0	1302179	Palm Creek virus	GCF_..	YP_009344962.1	1087		0.2583340274885473
0	1302179	Palm Creek virus	GCF_..	YP_009344962.1	1319		0.0742787868825517
0	1302179	Palm Creek virus	GCF_..	YP_009344962.1	1464		0.040654829195318785
0	1302179	Palm Creek virus	GCF_..	YP_009344962.1	2050		0.03428819444444445
0	1302179	Palm Creek virus	GCF_..	YP_009344962.1	2199		0.0488909008601177
0	1302179	Palm Creek virus	GCF_..	YP_009344962.1	2222		0.02082465639317406
0	1302179	Palm Creek virus	GCF_..	YP_009344962.1	2476		0.04954586170694372
