cluster_nb	taxon_id	virus_name	assembly_version	protein_id	cs_P1_protein_position	cs_P1_genome_position	confidence_score
0	1485186	Nhumirim virus	GCF_..	YP_009026410.1	119		0.6975101856043456
0	1485186	Nhumirim virus	GCF_..	YP_009026410.1	222		0.0819753086419753
0	1485186	Nhumirim virus	GCF_..	YP_009026410.1	299		0.10617549419043286
0	1485186	Nhumirim virus	GCF_..	YP_009026410.1	800		0.022456629465613637
0	1485186	Nhumirim virus	GCF_..	YP_009026410.1	1153		0.2583340274885473
0	1485186	Nhumirim virus	GCF_..	YP_009026410.1	1382		0.0742787868825517
0	1485186	Nhumirim virus	GCF_..	YP_009026410.1	1511		0.040654829195318785
0	1485186	Nhumirim virus	GCF_..	YP_009026410.1	2135		0.03428819444444445
0	1485186	Nhumirim virus	GCF_..	YP_009026410.1	2261		0.0488909008601177
0	1485186	Nhumirim virus	GCF_..	YP_009026410.1	2284		0.02082465639317406
0	1485186	Nhumirim virus	GCF_..	YP_009026410.1	2539		0.04954586170694372
