cluster_nb	taxon_id	virus_name	assembly_version	protein_id	cs_P1_protein_position	cs_P1_genome_position	confidence_score
2	1234809	Pestivirus strain Aydin/04-TR	GCF_..	YP_006860588.1	168		0.4444444444444444
2	1234809	Pestivirus strain Aydin/04-TR	GCF_..	YP_006860588.1	268		0.4444444444444444
2	1234809	Pestivirus strain Aydin/04-TR	GCF_..	YP_006860588.1	495		0.4444444444444444
2	1234809	Pestivirus strain Aydin/04-TR	GCF_..	YP_006860588.1	690		0.4444444444444444
2	1234809	Pestivirus strain Aydin/04-TR	GCF_..	YP_006860588.1	1063		0.4444444444444444
2	1234809	Pestivirus strain Aydin/04-TR	GCF_..	YP_006860588.1	1133		0.4444444444444444
2	1234809	Pestivirus strain Aydin/04-TR	GCF_..	YP_006860588.1	1586		0.4444444444444444
2	1234809	Pestivirus strain Aydin/04-TR	GCF_..	YP_006860588.1	2269		0.4444444444444444
2	1234809	Pestivirus strain Aydin/04-TR	GCF_..	YP_006860588.1	2333		0.4444444444444444
2	1234809	Pestivirus strain Aydin/04-TR	GCF_..	YP_006860588.1	2680		0.4444444444444444
2	1234809	Pestivirus strain Aydin/04-TR	GCF_..	YP_006860588.1	3177		0.4444444444444444
