cluster_nb	taxon_id	virus_name	assembly_version	protein_id	cs_P1_protein_position	cs_P1_genome_position	confidence_score
2	119222	Pestivirus giraffe-1 H138	GCF_..	NP_620053.1	168		0.4444444444444444
2	119222	Pestivirus giraffe-1 H138	GCF_..	NP_620053.1	266		0.4444444444444444
2	119222	Pestivirus giraffe-1 H138	GCF_..	NP_620053.1	493		0.4444444444444444
2	119222	Pestivirus giraffe-1 H138	GCF_..	NP_620053.1	688		0.4444444444444444
2	119222	Pestivirus giraffe-1 H138	GCF_..	NP_620053.1	1062		0.4444444444444444
2	119222	Pestivirus giraffe-1 H138	GCF_..	NP_620053.1	1132		0.4444444444444444
2	119222	Pestivirus giraffe-1 H138	GCF_..	NP_620053.1	1679		0.4444444444444444
2	119222	Pestivirus giraffe-1 H138	GCF_..	NP_620053.1	2362		0.4444444444444444
2	119222	Pestivirus giraffe-1 H138	GCF_..	NP_620053.1	2426		0.4444444444444444
2	119222	Pestivirus giraffe-1 H138	GCF_..	NP_620053.1	2773		0.4444444444444444
2	119222	Pestivirus giraffe-1 H138	GCF_..	NP_620053.1	3270		0.4444444444444444
