cluster_nb	taxon_id	virus_name	assembly_version	protein_id	cs_P1_protein_position	cs_P1_genome_position	confidence_score
0	64294	Yokose virus	GCF_..	NP_872627.1	121		0.6975101856043456
0	64294	Yokose virus	GCF_..	NP_872627.1	221		0.0819753086419753
0	64294	Yokose virus	GCF_..	NP_872627.1	298		0.10617549419043286
0	64294	Yokose virus	GCF_..	NP_872627.1	786		0.022456629465613637
0	64294	Yokose virus	GCF_..	NP_872627.1	1142		0.2583340274885473
0	64294	Yokose virus	GCF_..	NP_872627.1	1365		0.0742787868825517
0	64294	Yokose virus	GCF_..	NP_872627.1	1496		0.040654829195318785
0	64294	Yokose virus	GCF_..	NP_872627.1	2116		0.03428819444444445
0	64294	Yokose virus	GCF_..	NP_872627.1	2242		0.0488909008601177
0	64294	Yokose virus	GCF_..	NP_872627.1	2265		0.02082465639317406
0	64294	Yokose virus	GCF_..	NP_872627.1	2519		0.04954586170694372
