cluster_nb	taxon_id	virus_name	assembly_version	protein_id	cs_P1_protein_position	cs_P1_genome_position	confidence_score
0	64894	Phnom Penh bat virus	GCF_..	YP_009350101.1	107		0.6975101856043456
0	64894	Phnom Penh bat virus	GCF_..	YP_009350101.1	199		0.0819753086419753
0	64894	Phnom Penh bat virus	GCF_..	YP_009350101.1	276		0.10617549419043286
0	64894	Phnom Penh bat virus	GCF_..	YP_009350101.1	758		0.022456629465613637
0	64894	Phnom Penh bat virus	GCF_..	YP_009350101.1	1113		0.2583340274885473
0	64894	Phnom Penh bat virus	GCF_..	YP_009350101.1	1332		0.0742787868825517
0	64894	Phnom Penh bat virus	GCF_..	YP_009350101.1	1464		0.040654829195318785
0	64894	Phnom Penh bat virus	GCF_..	YP_009350101.1	2081		0.03428819444444445
0	64894	Phnom Penh bat virus	GCF_..	YP_009350101.1	2202		0.0488909008601177
0	64894	Phnom Penh bat virus	GCF_..	YP_009350101.1	2225		0.02082465639317406
0	64894	Phnom Penh bat virus	GCF_..	YP_009350101.1	2479		0.04954586170694372
