cluster_nb	taxon_id	virus_name	assembly_version	protein_id	cs_P1_protein_position	cs_P1_genome_position	confidence_score
0	64283	Entebbe bat virus	GCF_..	YP_950477.1	112		0.6975101856043456
0	64283	Entebbe bat virus	GCF_..	YP_950477.1	212		0.0819753086419753
0	64283	Entebbe bat virus	GCF_..	YP_950477.1	289		0.10617549419043286
0	64283	Entebbe bat virus	GCF_..	YP_950477.1	776		0.022456629465613637
0	64283	Entebbe bat virus	GCF_..	YP_950477.1	1132		0.2583340274885473
0	64283	Entebbe bat virus	GCF_..	YP_950477.1	1356		0.0742787868825517
0	64283	Entebbe bat virus	GCF_..	YP_950477.1	1487		0.040654829195318785
0	64283	Entebbe bat virus	GCF_..	YP_950477.1	2107		0.03428819444444445
0	64283	Entebbe bat virus	GCF_..	YP_950477.1	2233		0.0488909008601177
0	64283	Entebbe bat virus	GCF_..	YP_950477.1	2256		0.02082465639317406
0	64283	Entebbe bat virus	GCF_..	YP_950477.1	2505		0.04954586170694372
