cluster_nb	taxon_id	virus_name	assembly_version	protein_id	cs_P1_protein_position	cs_P1_genome_position	confidence_score
0	1286143	Nienokoue virus	GCF_..	YP_009041466.1	117		0.6975101856043456
0	1286143	Nienokoue virus	GCF_..	YP_009041466.1	208		0.0819753086419753
0	1286143	Nienokoue virus	GCF_..	YP_009041466.1	263		0.10617549419043286
0	1286143	Nienokoue virus	GCF_..	YP_009041466.1	697		0.022456629465613637
0	1286143	Nienokoue virus	GCF_..	YP_009041466.1	1078		0.2583340274885473
0	1286143	Nienokoue virus	GCF_..	YP_009041466.1	1312		0.0742787868825517
0	1286143	Nienokoue virus	GCF_..	YP_009041466.1	1457		0.040654829195318785
0	1286143	Nienokoue virus	GCF_..	YP_009041466.1	2040		0.03428819444444445
0	1286143	Nienokoue virus	GCF_..	YP_009041466.1	2190		0.0488909008601177
0	1286143	Nienokoue virus	GCF_..	YP_009041466.1	2213		0.02082465639317406
0	1286143	Nienokoue virus	GCF_..	YP_009041466.1	2468		0.04954586170694372
