cluster_nb	taxon_id	virus_name	assembly_version	protein_id	cs_P1_protein_position	cs_P1_genome_position	confidence_score
0	1821222	Culiseta flavivirus	GCF_..	YP_009256193.1	97		0.6975101856043456
0	1821222	Culiseta flavivirus	GCF_..	YP_009256193.1	184		0.0819753086419753
0	1821222	Culiseta flavivirus	GCF_..	YP_009256193.1	242		0.10617549419043286
0	1821222	Culiseta flavivirus	GCF_..	YP_009256193.1	678		0.022456629465613637
0	1821222	Culiseta flavivirus	GCF_..	YP_009256193.1	1060		0.2583340274885473
0	1821222	Culiseta flavivirus	GCF_..	YP_009256193.1	1357		0.0742787868825517
0	1821222	Culiseta flavivirus	GCF_..	YP_009256193.1	1505		0.040654829195318785
0	1821222	Culiseta flavivirus	GCF_..	YP_009256193.1	2094		0.03428819444444445
0	1821222	Culiseta flavivirus	GCF_..	YP_009256193.1	2231		0.0488909008601177
0	1821222	Culiseta flavivirus	GCF_..	YP_009256193.1	2254		0.02082465639317406
0	1821222	Culiseta flavivirus	GCF_..	YP_009256193.1	2509		0.04954586170694372
