cluster_nb	taxon_id	virus_name	assembly_version	protein_id	cs_P1_protein_position	cs_P1_genome_position	confidence_score
0	673515	Mosquito flavivirus	GCF_..	YP_007877501.1	129		0.6975101856043456
0	673515	Mosquito flavivirus	GCF_..	YP_007877501.1	218		0.0819753086419753
0	673515	Mosquito flavivirus	GCF_..	YP_007877501.1	271		0.10617549419043286
0	673515	Mosquito flavivirus	GCF_..	YP_007877501.1	705		0.022456629465613637
0	673515	Mosquito flavivirus	GCF_..	YP_007877501.1	1082		0.2583340274885473
0	673515	Mosquito flavivirus	GCF_..	YP_007877501.1	1303		0.0742787868825517
0	673515	Mosquito flavivirus	GCF_..	YP_007877501.1	1448		0.040654829195318785
0	673515	Mosquito flavivirus	GCF_..	YP_007877501.1	2034		0.03428819444444445
0	673515	Mosquito flavivirus	GCF_..	YP_007877501.1	2189		0.0488909008601177
0	673515	Mosquito flavivirus	GCF_..	YP_007877501.1	2212		0.02082465639317406
0	673515	Mosquito flavivirus	GCF_..	YP_007877501.1	2471		0.04954586170694372
