cluster_nb	taxon_id	virus_name	assembly_version	protein_id	cs_P1_protein_position	cs_P1_genome_position	confidence_score
0	64310	Kadam virus	GCF_..	YP_009345035.1	104		0.6975101856043456
0	64310	Kadam virus	GCF_..	YP_009345035.1	197		0.0819753086419753
0	64310	Kadam virus	GCF_..	YP_009345035.1	274		0.10617549419043286
0	64310	Kadam virus	GCF_..	YP_009345035.1	763		0.022456629465613637
0	64310	Kadam virus	GCF_..	YP_009345035.1	1119		0.2583340274885473
0	64310	Kadam virus	GCF_..	YP_009345035.1	1345		0.0742787868825517
0	64310	Kadam virus	GCF_..	YP_009345035.1	1474		0.040654829195318785
0	64310	Kadam virus	GCF_..	YP_009345035.1	2099		0.03428819444444445
0	64310	Kadam virus	GCF_..	YP_009345035.1	2225		0.0488909008601177
0	64310	Kadam virus	GCF_..	YP_009345035.1	2248		0.02082465639317406
0	64310	Kadam virus	GCF_..	YP_009345035.1	2498		0.04954586170694372
