cluster_nb	taxon_id	virus_name	assembly_version	protein_id	cs_P1_protein_position	cs_P1_genome_position	confidence_score
0	1805494	Bamaga virus	GCF_..	YP_009345036.1	106		0.6975101856043456
0	1805494	Bamaga virus	GCF_..	YP_009345036.1	204		0.0819753086419753
0	1805494	Bamaga virus	GCF_..	YP_009345036.1	281		0.10617549419043286
0	1805494	Bamaga virus	GCF_..	YP_009345036.1	771		0.022456629465613637
0	1805494	Bamaga virus	GCF_..	YP_009345036.1	1125		0.2583340274885473
0	1805494	Bamaga virus	GCF_..	YP_009345036.1	1347		0.0742787868825517
0	1805494	Bamaga virus	GCF_..	YP_009345036.1	1478		0.040654829195318785
0	1805494	Bamaga virus	GCF_..	YP_009345036.1	2100		0.03428819444444445
0	1805494	Bamaga virus	GCF_..	YP_009345036.1	2226		0.0488909008601177
0	1805494	Bamaga virus	GCF_..	YP_009345036.1	2249		0.02082465639317406
0	1805494	Bamaga virus	GCF_..	YP_009345036.1	2495		0.04954586170694372
