cluster_nb	taxon_id	virus_name	assembly_version	protein_id	cs_P1_protein_position	cs_P1_genome_position	confidence_score
0	64297	Uganda S virus	GCF_..	YP_009344968.1	100		0.6975101856043456
0	64297	Uganda S virus	GCF_..	YP_009344968.1	197		0.0819753086419753
0	64297	Uganda S virus	GCF_..	YP_009344968.1	274		0.10617549419043286
0	64297	Uganda S virus	GCF_..	YP_009344968.1	763		0.022456629465613637
0	64297	Uganda S virus	GCF_..	YP_009344968.1	1117		0.2583340274885473
0	64297	Uganda S virus	GCF_..	YP_009344968.1	1339		0.0742787868825517
0	64297	Uganda S virus	GCF_..	YP_009344968.1	1469		0.040654829195318785
0	64297	Uganda S virus	GCF_..	YP_009344968.1	2089		0.03428819444444445
0	64297	Uganda S virus	GCF_..	YP_009344968.1	2213		0.0488909008601177
0	64297	Uganda S virus	GCF_..	YP_009344968.1	2236		0.02082465639317406
0	64297	Uganda S virus	GCF_..	YP_009344968.1	2487		0.04954586170694372
