cluster_nb	taxon_id	virus_name	assembly_version	protein_id	cs_P1_protein_position	cs_P1_genome_position	confidence_score
0	40012	Saumarez Reef virus	GCF_..	YP_009345037.1	108		0.6975101856043456
0	40012	Saumarez Reef virus	GCF_..	YP_009345037.1	201		0.0819753086419753
0	40012	Saumarez Reef virus	GCF_..	YP_009345037.1	278		0.10617549419043286
0	40012	Saumarez Reef virus	GCF_..	YP_009345037.1	768		0.022456629465613637
0	40012	Saumarez Reef virus	GCF_..	YP_009345037.1	1123		0.2583340274885473
0	40012	Saumarez Reef virus	GCF_..	YP_009345037.1	1354		0.0742787868825517
0	40012	Saumarez Reef virus	GCF_..	YP_009345037.1	1484		0.040654829195318785
0	40012	Saumarez Reef virus	GCF_..	YP_009345037.1	2109		0.03428819444444445
0	40012	Saumarez Reef virus	GCF_..	YP_009345037.1	2236		0.0488909008601177
0	40012	Saumarez Reef virus	GCF_..	YP_009345037.1	2259		0.02082465639317406
0	40012	Saumarez Reef virus	GCF_..	YP_009345037.1	2516		0.04954586170694372
