cluster_nb	taxon_id	virus_name	assembly_version	protein_id	cs_P1_protein_position	cs_P1_genome_position	confidence_score
1	2008771	Hepacivirus L	GCF_..	YP_009322132.1	161		0.3186162949476552
1	2008771	Hepacivirus L	GCF_..	YP_009322132.1	363		0.08454810495626872
1	2008771	Hepacivirus L	GCF_..	YP_009322132.1	630		0.26035502958580287
1	2008771	Hepacivirus L	GCF_..	YP_009322132.1	686		0.12718658892127882
1	2008771	Hepacivirus L	GCF_..	YP_009322132.1	900		0.07653061224490491
1	2008771	Hepacivirus L	GCF_..	YP_009322132.1	1527		0.10787172011661211
1	2008771	Hepacivirus L	GCF_..	YP_009322132.1	1585		0.07653061224489333
1	2008771	Hepacivirus L	GCF_..	YP_009322132.1	1845		0.07653061224489796
1	2008771	Hepacivirus L	GCF_..	YP_009322132.1	2304		0.07653061224490725
