cluster_nb	taxon_id	virus_name	assembly_version	protein_id	cs_P1_protein_position	cs_P1_genome_position	confidence_score
0	35279	Meaban virus	GCF_..	YP_009345031.1	108		0.6975101856043456
0	35279	Meaban virus	GCF_..	YP_009345031.1	201		0.0819753086419753
0	35279	Meaban virus	GCF_..	YP_009345031.1	278		0.10617549419043286
0	35279	Meaban virus	GCF_..	YP_009345031.1	768		0.022456629465613637
0	35279	Meaban virus	GCF_..	YP_009345031.1	1123		0.2583340274885473
0	35279	Meaban virus	GCF_..	YP_009345031.1	1352		0.0742787868825517
0	35279	Meaban virus	GCF_..	YP_009345031.1	1482		0.040654829195318785
0	35279	Meaban virus	GCF_..	YP_009345031.1	2107		0.03428819444444445
0	35279	Meaban virus	GCF_..	YP_009345031.1	2234		0.0488909008601177
0	35279	Meaban virus	GCF_..	YP_009345031.1	2257		0.02082465639317406
0	35279	Meaban virus	GCF_..	YP_009345031.1	2515		0.04954586170694372
