cluster_nb	taxon_id	virus_name	assembly_version	protein_id	cs_P1_protein_position	cs_P1_genome_position	confidence_score
0	64299	Jutiapa virus	GCF_..	YP_009126871.1	105		0.6975101856043456
0	64299	Jutiapa virus	GCF_..	YP_009126871.1	197		0.0819753086419753
0	64299	Jutiapa virus	GCF_..	YP_009126871.1	274		0.10617549419043286
0	64299	Jutiapa virus	GCF_..	YP_009126871.1	754		0.022456629465613637
0	64299	Jutiapa virus	GCF_..	YP_009126871.1	1109		0.2583340274885473
0	64299	Jutiapa virus	GCF_..	YP_009126871.1	1323		0.0742787868825517
0	64299	Jutiapa virus	GCF_..	YP_009126871.1	1457		0.040654829195318785
0	64299	Jutiapa virus	GCF_..	YP_009126871.1	2076		0.03428819444444445
0	64299	Jutiapa virus	GCF_..	YP_009126871.1	2196		0.0488909008601177
0	64299	Jutiapa virus	GCF_..	YP_009126871.1	2219		0.02082465639317406
0	64299	Jutiapa virus	GCF_..	YP_009126871.1	2475		0.04954586170694372
