cluster_nb	taxon_id	virus_name	assembly_version	protein_id	cs_P1_protein_position	cs_P1_genome_position	confidence_score
0	40004	Tyuleniy virus	GCF_..	YP_009001464.1	109		0.6975101856043456
0	40004	Tyuleniy virus	GCF_..	YP_009001464.1	202		0.0819753086419753
0	40004	Tyuleniy virus	GCF_..	YP_009001464.1	279		0.10617549419043286
0	40004	Tyuleniy virus	GCF_..	YP_009001464.1	769		0.022456629465613637
0	40004	Tyuleniy virus	GCF_..	YP_009001464.1	1124		0.2583340274885473
0	40004	Tyuleniy virus	GCF_..	YP_009001464.1	1355		0.0742787868825517
0	40004	Tyuleniy virus	GCF_..	YP_009001464.1	1485		0.040654829195318785
0	40004	Tyuleniy virus	GCF_..	YP_009001464.1	2110		0.03428819444444445
0	40004	Tyuleniy virus	GCF_..	YP_009001464.1	2237		0.0488909008601177
0	40004	Tyuleniy virus	GCF_..	YP_009001464.1	2260		0.02082465639317406
0	40004	Tyuleniy virus	GCF_..	YP_009001464.1	2516		0.04954586170694372
