cluster_nb	taxon_id	virus_name	assembly_version	protein_id	cs_P1_protein_position	cs_P1_genome_position	confidence_score
4	1562065	Norway rat pegivirus	GCF_..	YP_009109602.1	222		2.703999999999999
4	1562065	Norway rat pegivirus	GCF_..	YP_009109602.1	1014		0.7405247813411019
4	1562065	Norway rat pegivirus	GCF_..	YP_009109602.1	1259		0.16326530612245826
4	1562065	Norway rat pegivirus	GCF_..	YP_009109602.1	1887		2.64
4	1562065	Norway rat pegivirus	GCF_..	YP_009109602.1	2218		0.5218658892128253
4	1562065	Norway rat pegivirus	GCF_..	YP_009109602.1	2773		0.16326530612244897
