cluster_nb	taxon_id	virus_name	assembly_version	protein_id	cs_P1_protein_position	cs_P1_genome_position	confidence_score
2	1562066	Norway rat pestivirus	GCF_..	YP_009109567.1	273		0.4444444444444444
2	1562066	Norway rat pestivirus	GCF_..	YP_009109567.1	373		0.4444444444444444
2	1562066	Norway rat pestivirus	GCF_..	YP_009109567.1	604		0.4444444444444444
2	1562066	Norway rat pestivirus	GCF_..	YP_009109567.1	802		0.4444444444444444
2	1562066	Norway rat pestivirus	GCF_..	YP_009109567.1	1180		0.4444444444444444
2	1562066	Norway rat pestivirus	GCF_..	YP_009109567.1	1250		0.4444444444444444
2	1562066	Norway rat pestivirus	GCF_..	YP_009109567.1	1702		0.4444444444444444
2	1562066	Norway rat pestivirus	GCF_..	YP_009109567.1	2385		0.4444444444444444
2	1562066	Norway rat pestivirus	GCF_..	YP_009109567.1	2448		0.4444444444444444
2	1562066	Norway rat pestivirus	GCF_..	YP_009109567.1	2791		0.4444444444444444
2	1562066	Norway rat pestivirus	GCF_..	YP_009109567.1	3276		0.4444444444444444
