cluster_nb	taxon_id	virus_name	assembly_version	protein_id	cs_P1_protein_position	cs_P1_genome_position	confidence_score
0	1963247	Menghai flavivirus	GCF_..	YP_009351861.1	139		0.6975101856043456
0	1963247	Menghai flavivirus	GCF_..	YP_009351861.1	238		0.0819753086419753
0	1963247	Menghai flavivirus	GCF_..	YP_009351861.1	296		0.10617549419043286
0	1963247	Menghai flavivirus	GCF_..	YP_009351861.1	735		0.022456629465613637
0	1963247	Menghai flavivirus	GCF_..	YP_009351861.1	1119		0.2583340274885473
0	1963247	Menghai flavivirus	GCF_..	YP_009351861.1	1361		0.0742787868825517
0	1963247	Menghai flavivirus	GCF_..	YP_009351861.1	1507		0.040654829195318785
0	1963247	Menghai flavivirus	GCF_..	YP_009351861.1	2109		0.03428819444444445
0	1963247	Menghai flavivirus	GCF_..	YP_009351861.1	2248		0.0488909008601177
0	1963247	Menghai flavivirus	GCF_..	YP_009351861.1	2271		0.02082465639317406
0	1963247	Menghai flavivirus	GCF_..	YP_009351861.1	2529		0.04954586170694372
