cluster_nb	taxon_id	virus_name	assembly_version	protein_id	cs_P1_protein_position	cs_P1_genome_position	confidence_score
0	1969400	Mac Peak virus	GCF_..	YP_009389296.1	87		0.6975101856043456
0	1969400	Mac Peak virus	GCF_..	YP_009389296.1	172		0.0819753086419753
0	1969400	Mac Peak virus	GCF_..	YP_009389296.1	236		0.10617549419043286
0	1969400	Mac Peak virus	GCF_..	YP_009389296.1	669		0.022456629465613637
0	1969400	Mac Peak virus	GCF_..	YP_009389296.1	1044		0.2583340274885473
0	1969400	Mac Peak virus	GCF_..	YP_009389296.1	1288		0.0742787868825517
0	1969400	Mac Peak virus	GCF_..	YP_009389296.1	1430		0.040654829195318785
0	1969400	Mac Peak virus	GCF_..	YP_009389296.1	2025		0.03428819444444445
0	1969400	Mac Peak virus	GCF_..	YP_009389296.1	2172		0.0488909008601177
0	1969400	Mac Peak virus	GCF_..	YP_009389296.1	2195		0.02082465639317406
0	1969400	Mac Peak virus	GCF_..	YP_009389296.1	2450		0.04954586170694372
