cluster_nb	taxon_id	virus_name	assembly_version	protein_id	cs_P1_protein_position	cs_P1_genome_position	confidence_score
2	402584	Bovine viral diarrhea virus 3 Th/04_KhonKaen	GCF_..	YP_002967452.1	168		0.4444444444444444
2	402584	Bovine viral diarrhea virus 3 Th/04_KhonKaen	GCF_..	YP_002967452.1	269		0.4444444444444444
2	402584	Bovine viral diarrhea virus 3 Th/04_KhonKaen	GCF_..	YP_002967452.1	496		0.4444444444444444
2	402584	Bovine viral diarrhea virus 3 Th/04_KhonKaen	GCF_..	YP_002967452.1	691		0.4444444444444444
2	402584	Bovine viral diarrhea virus 3 Th/04_KhonKaen	GCF_..	YP_002967452.1	1064		0.4444444444444444
2	402584	Bovine viral diarrhea virus 3 Th/04_KhonKaen	GCF_..	YP_002967452.1	1134		0.4444444444444444
2	402584	Bovine viral diarrhea virus 3 Th/04_KhonKaen	GCF_..	YP_002967452.1	1587		0.4444444444444444
2	402584	Bovine viral diarrhea virus 3 Th/04_KhonKaen	GCF_..	YP_002967452.1	2270		0.4444444444444444
2	402584	Bovine viral diarrhea virus 3 Th/04_KhonKaen	GCF_..	YP_002967452.1	2334		0.4444444444444444
2	402584	Bovine viral diarrhea virus 3 Th/04_KhonKaen	GCF_..	YP_002967452.1	2681		0.4444444444444444
2	402584	Bovine viral diarrhea virus 3 Th/04_KhonKaen	GCF_..	YP_002967452.1	3178		0.4444444444444444
