cluster_nb	taxon_id	virus_name	assembly_version	protein_id	cs_P1_protein_position	cs_P1_genome_position	confidence_score
0	64309	Jugra virus	GCF_..	YP_009344969.1	99		0.6975101856043456
0	64309	Jugra virus	GCF_..	YP_009344969.1	196		0.0819753086419753
0	64309	Jugra virus	GCF_..	YP_009344969.1	273		0.10617549419043286
0	64309	Jugra virus	GCF_..	YP_009344969.1	762		0.022456629465613637
0	64309	Jugra virus	GCF_..	YP_009344969.1	1116		0.2583340274885473
0	64309	Jugra virus	GCF_..	YP_009344969.1	1338		0.0742787868825517
0	64309	Jugra virus	GCF_..	YP_009344969.1	1468		0.040654829195318785
0	64309	Jugra virus	GCF_..	YP_009344969.1	2088		0.03428819444444445
0	64309	Jugra virus	GCF_..	YP_009344969.1	2214		0.0488909008601177
0	64309	Jugra virus	GCF_..	YP_009344969.1	2237		0.02082465639317406
0	64309	Jugra virus	GCF_..	YP_009344969.1	2485		0.04954586170694372
