cluster_nb	taxon_id	virus_name	assembly_version	protein_id	cs_P1_protein_position	cs_P1_genome_position	confidence_score
0	12542	Omsk hemorrhagic fever virus	GCF_..	NP_878909.1	108		0.6975101856043456
0	12542	Omsk hemorrhagic fever virus	GCF_..	NP_878909.1	205		0.0819753086419753
0	12542	Omsk hemorrhagic fever virus	GCF_..	NP_878909.1	282		0.10617549419043286
0	12542	Omsk hemorrhagic fever virus	GCF_..	NP_878909.1	776		0.022456629465613637
0	12542	Omsk hemorrhagic fever virus	GCF_..	NP_878909.1	1131		0.2583340274885473
0	12542	Omsk hemorrhagic fever virus	GCF_..	NP_878909.1	1357		0.0742787868825517
0	12542	Omsk hemorrhagic fever virus	GCF_..	NP_878909.1	1486		0.040654829195318785
0	12542	Omsk hemorrhagic fever virus	GCF_..	NP_878909.1	2110		0.03428819444444445
0	12542	Omsk hemorrhagic fever virus	GCF_..	NP_878909.1	2236		0.0488909008601177
0	12542	Omsk hemorrhagic fever virus	GCF_..	NP_878909.1	2259		0.02082465639317406
0	12542	Omsk hemorrhagic fever virus	GCF_..	NP_878909.1	2510		0.04954586170694372
