cluster_nb	taxon_id	virus_name	assembly_version	protein_id	cs_P1_protein_position	cs_P1_genome_position	confidence_score
0	1821227	Xishuangbanna aedes flavivirus	GCF_..	YP_009350102.1	138		0.6975101856043456
0	1821227	Xishuangbanna aedes flavivirus	GCF_..	YP_009350102.1	237		0.0819753086419753
0	1821227	Xishuangbanna aedes flavivirus	GCF_..	YP_009350102.1	295		0.10617549419043286
0	1821227	Xishuangbanna aedes flavivirus	GCF_..	YP_009350102.1	734		0.022456629465613637
0	1821227	Xishuangbanna aedes flavivirus	GCF_..	YP_009350102.1	1118		0.2583340274885473
0	1821227	Xishuangbanna aedes flavivirus	GCF_..	YP_009350102.1	1360		0.0742787868825517
0	1821227	Xishuangbanna aedes flavivirus	GCF_..	YP_009350102.1	1507		0.040654829195318785
0	1821227	Xishuangbanna aedes flavivirus	GCF_..	YP_009350102.1	2106		0.03428819444444445
0	1821227	Xishuangbanna aedes flavivirus	GCF_..	YP_009350102.1	2246		0.0488909008601177
0	1821227	Xishuangbanna aedes flavivirus	GCF_..	YP_009350102.1	2269		0.02082465639317406
0	1821227	Xishuangbanna aedes flavivirus	GCF_..	YP_009350102.1	2527		0.04954586170694372
