cluster_nb	taxon_id	virus_name	assembly_version	protein_id	cs_P1_protein_position	cs_P1_genome_position	confidence_score
0	64319	Yaounde virus	GCF_..	YP_009350103.1	116		0.6975101856043456
0	64319	Yaounde virus	GCF_..	YP_009350103.1	215		0.0819753086419753
0	64319	Yaounde virus	GCF_..	YP_009350103.1	292		0.10617549419043286
0	64319	Yaounde virus	GCF_..	YP_009350103.1	791		0.022456629465613637
0	64319	Yaounde virus	GCF_..	YP_009350103.1	1146		0.2583340274885473
0	64319	Yaounde virus	GCF_..	YP_009350103.1	1369		0.0742787868825517
0	64319	Yaounde virus	GCF_..	YP_009350103.1	1501		0.040654829195318785
0	64319	Yaounde virus	GCF_..	YP_009350103.1	2120		0.03428819444444445
0	64319	Yaounde virus	GCF_..	YP_009350103.1	2246		0.0488909008601177
0	64319	Yaounde virus	GCF_..	YP_009350103.1	2269		0.02082465639317406
0	64319	Yaounde virus	GCF_..	YP_009350103.1	2525		0.04954586170694372
