cluster_nb	taxon_id	virus_name	assembly_version	protein_id	cs_P1_protein_position	cs_P1_genome_position	confidence_score
0	64307	Gadgets Gully virus	GCF_..	YP_009345034.1	108		0.6975101856043456
0	64307	Gadgets Gully virus	GCF_..	YP_009345034.1	205		0.0819753086419753
0	64307	Gadgets Gully virus	GCF_..	YP_009345034.1	282		0.10617549419043286
0	64307	Gadgets Gully virus	GCF_..	YP_009345034.1	777		0.022456629465613637
0	64307	Gadgets Gully virus	GCF_..	YP_009345034.1	1133		0.2583340274885473
0	64307	Gadgets Gully virus	GCF_..	YP_009345034.1	1359		0.0742787868825517
0	64307	Gadgets Gully virus	GCF_..	YP_009345034.1	1488		0.040654829195318785
0	64307	Gadgets Gully virus	GCF_..	YP_009345034.1	2112		0.03428819444444445
0	64307	Gadgets Gully virus	GCF_..	YP_009345034.1	2238		0.0488909008601177
0	64307	Gadgets Gully virus	GCF_..	YP_009345034.1	2261		0.02082465639317406
0	64307	Gadgets Gully virus	GCF_..	YP_009345034.1	2512		0.04954586170694372
