cluster_nb	taxon_id	virus_name	assembly_version	protein_id	cs_P1_protein_position	cs_P1_genome_position	confidence_score
1	1325446	Bat hepacivirus	GCF_..	YP_009325330.1	191		0.3186162949476552
1	1325446	Bat hepacivirus	GCF_..	YP_009325330.1	381		0.08454810495626872
1	1325446	Bat hepacivirus	GCF_..	YP_009325330.1	703		0.26035502958580287
1	1325446	Bat hepacivirus	GCF_..	YP_009325330.1	765		0.12718658892127882
1	1325446	Bat hepacivirus	GCF_..	YP_009325330.1	983		0.07653061224490491
1	1325446	Bat hepacivirus	GCF_..	YP_009325330.1	1611		0.10787172011661211
1	1325446	Bat hepacivirus	GCF_..	YP_009325330.1	1666		0.07653061224489333
1	1325446	Bat hepacivirus	GCF_..	YP_009325330.1	1925		0.07653061224489796
1	1325446	Bat hepacivirus	GCF_..	YP_009325330.1	2381		0.07653061224490725
