cluster_nb	taxon_id	virus_name	assembly_version	protein_id	cs_P1_protein_position	cs_P1_genome_position	confidence_score
0	64317	Sokoluk virus	GCF_..	YP_009126875.1	112		0.6975101856043456
0	64317	Sokoluk virus	GCF_..	YP_009126875.1	212		0.0819753086419753
0	64317	Sokoluk virus	GCF_..	YP_009126875.1	289		0.10617549419043286
0	64317	Sokoluk virus	GCF_..	YP_009126875.1	777		0.022456629465613637
0	64317	Sokoluk virus	GCF_..	YP_009126875.1	1133		0.2583340274885473
0	64317	Sokoluk virus	GCF_..	YP_009126875.1	1358		0.0742787868825517
0	64317	Sokoluk virus	GCF_..	YP_009126875.1	1489		0.040654829195318785
0	64317	Sokoluk virus	GCF_..	YP_009126875.1	2109		0.03428819444444445
0	64317	Sokoluk virus	GCF_..	YP_009126875.1	2235		0.0488909008601177
0	64317	Sokoluk virus	GCF_..	YP_009126875.1	2258		0.02082465639317406
0	64317	Sokoluk virus	GCF_..	YP_009126875.1	2507		0.04954586170694372
