cluster_nb	taxon_id	virus_name	assembly_version	protein_id	cs_P1_protein_position	cs_P1_genome_position	confidence_score
0	486494	Nounane virus	GCF_..	YP_009345019.1	110		0.6975101856043456
0	486494	Nounane virus	GCF_..	YP_009345019.1	210		0.0819753086419753
0	486494	Nounane virus	GCF_..	YP_009345019.1	287		0.10617549419043286
0	486494	Nounane virus	GCF_..	YP_009345019.1	790		0.022456629465613637
0	486494	Nounane virus	GCF_..	YP_009345019.1	1142		0.2583340274885473
0	486494	Nounane virus	GCF_..	YP_009345019.1	1373		0.0742787868825517
0	486494	Nounane virus	GCF_..	YP_009345019.1	1509		0.040654829195318785
0	486494	Nounane virus	GCF_..	YP_009345019.1	2133		0.03428819444444445
0	486494	Nounane virus	GCF_..	YP_009345019.1	2259		0.0488909008601177
0	486494	Nounane virus	GCF_..	YP_009345019.1	2282		0.02082465639317406
0	486494	Nounane virus	GCF_..	YP_009345019.1	2537		0.04954586170694372
