cluster_nb	taxon_id	virus_name	assembly_version	protein_id	cs_P1_protein_position	cs_P1_genome_position	confidence_score
0	577122	T'Ho virus	GCF_..	YP_009351820.1	111		0.6975101856043456
0	577122	T'Ho virus	GCF_..	YP_009351820.1	211		0.0819753086419753
0	577122	T'Ho virus	GCF_..	YP_009351820.1	288		0.10617549419043286
0	577122	T'Ho virus	GCF_..	YP_009351820.1	787		0.022456629465613637
0	577122	T'Ho virus	GCF_..	YP_009351820.1	1143		0.2583340274885473
0	577122	T'Ho virus	GCF_..	YP_009351820.1	1365		0.0742787868825517
0	577122	T'Ho virus	GCF_..	YP_009351820.1	1497		0.040654829195318785
0	577122	T'Ho virus	GCF_..	YP_009351820.1	2116		0.03428819444444445
0	577122	T'Ho virus	GCF_..	YP_009351820.1	2242		0.0488909008601177
0	577122	T'Ho virus	GCF_..	YP_009351820.1	2265		0.02082465639317406
0	577122	T'Ho virus	GCF_..	YP_009351820.1	2522		0.04954586170694372
