cluster_nb	taxon_id	virus_name	assembly_version	protein_id	cs_P1_protein_position	cs_P1_genome_position	confidence_score
0	64296	Edge Hill virus	GCF_..	YP_009256192.1	109		0.6975101856043456
0	64296	Edge Hill virus	GCF_..	YP_009256192.1	206		0.0819753086419753
0	64296	Edge Hill virus	GCF_..	YP_009256192.1	283		0.10617549419043286
0	64296	Edge Hill virus	GCF_..	YP_009256192.1	774		0.022456629465613637
0	64296	Edge Hill virus	GCF_..	YP_009256192.1	1128		0.2583340274885473
0	64296	Edge Hill virus	GCF_..	YP_009256192.1	1350		0.0742787868825517
0	64296	Edge Hill virus	GCF_..	YP_009256192.1	1480		0.040654829195318785
0	64296	Edge Hill virus	GCF_..	YP_009256192.1	2102		0.03428819444444445
0	64296	Edge Hill virus	GCF_..	YP_009256192.1	2228		0.0488909008601177
0	64296	Edge Hill virus	GCF_..	YP_009256192.1	2251		0.02082465639317406
0	64296	Edge Hill virus	GCF_..	YP_009256192.1	2497		0.04954586170694372
