cluster_nb	taxon_id	virus_name	assembly_version	protein_id	cs_P1_protein_position	cs_P1_genome_position	confidence_score
0	1566298	Paraiso Escondido virus	GCF_..	YP_009169331.1	113		0.6975101856043456
0	1566298	Paraiso Escondido virus	GCF_..	YP_009169331.1	234		0.0819753086419753
0	1566298	Paraiso Escondido virus	GCF_..	YP_009169331.1	310		0.10617549419043286
0	1566298	Paraiso Escondido virus	GCF_..	YP_009169331.1	800		0.022456629465613637
0	1566298	Paraiso Escondido virus	GCF_..	YP_009169331.1	1156		0.2583340274885473
0	1566298	Paraiso Escondido virus	GCF_..	YP_009169331.1	1382		0.0742787868825517
0	1566298	Paraiso Escondido virus	GCF_..	YP_009169331.1	1514		0.040654829195318785
0	1566298	Paraiso Escondido virus	GCF_..	YP_009169331.1	2138		0.03428819444444445
0	1566298	Paraiso Escondido virus	GCF_..	YP_009169331.1	2264		0.0488909008601177
0	1566298	Paraiso Escondido virus	GCF_..	YP_009169331.1	2287		0.02082465639317406
0	1566298	Paraiso Escondido virus	GCF_..	YP_009169331.1	2536		0.04954586170694372
