cluster_nb	taxon_id	virus_name	assembly_version	protein_id	cs_P1_protein_position	cs_P1_genome_position	confidence_score
0	1456752	Kama virus	GCF_..	YP_009001771.1	108		0.6975101856043456
0	1456752	Kama virus	GCF_..	YP_009001771.1	201		0.0819753086419753
0	1456752	Kama virus	GCF_..	YP_009001771.1	278		0.10617549419043286
0	1456752	Kama virus	GCF_..	YP_009001771.1	767		0.022456629465613637
0	1456752	Kama virus	GCF_..	YP_009001771.1	1122		0.2583340274885473
0	1456752	Kama virus	GCF_..	YP_009001771.1	1352		0.0742787868825517
0	1456752	Kama virus	GCF_..	YP_009001771.1	1482		0.040654829195318785
0	1456752	Kama virus	GCF_..	YP_009001771.1	2108		0.03428819444444445
0	1456752	Kama virus	GCF_..	YP_009001771.1	2235		0.0488909008601177
0	1456752	Kama virus	GCF_..	YP_009001771.1	2258		0.02082465639317406
0	1456752	Kama virus	GCF_..	YP_009001771.1	2513		0.04954586170694372
