cluster_nb	taxon_id	virus_name	assembly_version	protein_id	cs_P1_protein_position	cs_P1_genome_position	confidence_score
0	164416	Wesselsbron virus	GCF_..	YP_002922020.1	110		0.6975101856043456
0	164416	Wesselsbron virus	GCF_..	YP_002922020.1	205		0.0819753086419753
0	164416	Wesselsbron virus	GCF_..	YP_002922020.1	282		0.10617549419043286
0	164416	Wesselsbron virus	GCF_..	YP_002922020.1	770		0.022456629465613637
0	164416	Wesselsbron virus	GCF_..	YP_002922020.1	1126		0.2583340274885473
0	164416	Wesselsbron virus	GCF_..	YP_002922020.1	1348		0.0742787868825517
0	164416	Wesselsbron virus	GCF_..	YP_002922020.1	1479		0.040654829195318785
0	164416	Wesselsbron virus	GCF_..	YP_002922020.1	2102		0.03428819444444445
0	164416	Wesselsbron virus	GCF_..	YP_002922020.1	2228		0.0488909008601177
0	164416	Wesselsbron virus	GCF_..	YP_002922020.1	2251		0.02082465639317406
0	164416	Wesselsbron virus	GCF_..	YP_002922020.1	2498		0.04954586170694372
